Colony,Date,Depth (m),Latitude,Longitude ,Time,Waypoint,Reef Type ,Reef Area,Bay Area,Reef ID
301,6/7/16,0.23,21.46075498,-157.809907,11:07,160,Patch,Top,Central,20
302,6/7/16,0.2,21.46072598,-157.809903,11:13,161,Patch,Top,Central,20
303,6/7/16,0.2,21.46071299,-157.809905,11:19,162,Patch,Top,Central,20
304,6/7/16,0.2,21.46066496,-157.809867,11:25,163,Patch,Top,Central,20
305,6/7/16,0.25,21.460642,-157.809848,11:27,164,Patch,Top,Central,20
306,6/7/16,0.35,21.46063504,-157.809799,11:31,165,Patch,Top,Central,20
307,6/7/16,0.2,21.46074199,-157.809799,11:36,166,Patch,Top,Central,20
308,6/7/16,0.5,21.46080804,-157.809775,11:42,167,Patch,Top,Central,20
309,6/7/16,0.7,21.46084903,-157.80978,11:45,168,Patch,Top,Central,20
310,6/7/16,0.4,21.46086596,-157.809832,11:47,169,Patch,Top,Central,20
311,6/7/16,1,21.46085599,-157.809988,12:13,170,Patch,Windward,Central,20
312,6/7/16,3,21.46088096,-157.809972,12:16,171,Patch,Windward,Central,20
313,6/7/16,6,21.46088197,-157.810018,12:18,172,Patch,Windward,Central,20
314,6/7/16,4,21.46090996,-157.809944,12:21,173,Patch,Windward,Central,20
315,6/7/16,2,21.460902,-157.809907,12:23,174,Patch,Windward,Central,20
316,6/7/16,1.5,21.46090603,-157.809865,12:29,175,Patch,Windward,Central,20
317,6/7/16,1.2,21.46087401,-157.809907,12:32,176,Patch,Windward,Central,20
318,6/7/16,3,21.46092103,-157.809868,12:40,177,Patch,Windward,Central,20
319,6/7/16,2.5,21.46090301,-157.809819,12:43,178,Patch,Windward,Central,20
320,6/7/16,3,21.46093,-157.809899,12:45,179,Patch,Windward,Central,20
321,6/7/16,1.5,21.46068399,-157.810117,13:02,180,Patch,Leeward,Central,20
322,6/7/16,1.8,21.46067896,-157.810109,13:03,181,Patch,Leeward,Central,20
323,6/7/16,3.2,21.46064702,-157.810111,13:04,182,Patch,Leeward,Central,20
324,6/7/16,2.2,21.46065298,-157.810106,13:05,183,Patch,Leeward,Central,20
325,6/7/16,1.2,21.46066697,-157.81008,13:07,184,Patch,Leeward,Central,20
326,6/7/16,2,21.46063797,-157.81009,13:10,185,Patch,Leeward,Central,20
327,6/7/16,1,21.46063898,-157.810074,13:13,186,Patch,Leeward,Central,20
328,6/7/16,6,21.460614,-157.810103,13:15,187,Patch,Leeward,Central,20
329,6/7/16,2,21.46059497,-157.810067,13:17,188,Patch,Leeward,Central,20
330,6/7/16,1,21.46065901,-157.810059,13:19,189,Patch,Leeward,Central,20
331,6/8/16,1.6,21.47670801,-157.825904,10:43,192,Patch,Leeward,Northern,42
332,6/8/16,2.5,21.47664699,-157.825904,10:44,193,Patch,Leeward,Northern,42
333,6/8/16,3,21.47663098,-157.825909,10:45,194,Patch,Leeward,Northern,42
334,6/8/16,1.5,21.47661396,-157.825831,10:46,195,Patch,Leeward,Northern,42
335,6/8/16,2.5,21.47656401,-157.825839,10:47,196,Patch,Leeward,Northern,42
336,6/8/16,1.2,21.47657599,-157.825774,10:50,197,Patch,Leeward,Northern,42
337,6/8/16,3.3,21.476506,-157.8258,10:52,198,Patch,Leeward,Northern,42
338,6/8/16,2.5,21.47652897,-157.82575,10:53,199,Patch,Leeward,Northern,42
339,6/8/16,1.3,21.47654498,-157.825737,10:55,200,Patch,Leeward,Northern,42
340,6/8/16,2,21.47654599,-157.825717,10:59,201,Patch,Leeward,Northern,42
341,6/8/16,0.5,21.47674204,-157.825304,11:12,202,Patch,Top,Northern,42
342,6/8/16,1,21.47673399,-157.825369,11:14,203,Patch,Top,Northern,42
343,6/8/16,1,21.47675101,-157.825415,11:14,204,Patch,Top,Northern,42
344,6/8/16,0.5,21.47682301,-157.82542,11:16,205,Patch,Top,Northern,42
345,6/8/16,0.5,21.476865,-157.825384,11:17,206,Patch,Top,Northern,42
346,6/8/16,0.5,21.47685897,-157.825389,11:18,207,Patch,Top,Northern,42
347,6/8/16,1,21.47679602,-157.825382,12:37,222,Patch,Top,Northern,42
348,6/8/16,0.5,21.47688302,-157.825307,11:21,209,Patch,Top,Northern,42
349,6/8/16,0.3,21.47684396,-157.82528,11:23,210,Patch,Top,Northern,42
350,6/8/16,0.2,21.476807,-157.825267,11:24,211,Patch,Top,Northern,42
351,6/8/16,1.5,21.47713599,-157.82476,12:09,212,Patch,Windward,Northern,42
352,6/8/16,2,21.47711696,-157.824767,12:11,213,Patch,Windward,Northern,42
353,6/8/16,3.5,21.477095,-157.824757,12:12,214,Patch,Windward,Northern,42
354,6/8/16,2,21.47708603,-157.824774,12:14,215,Patch,Windward,Northern,42
355,6/8/16,2.5,21.47704798,-157.824775,12:15,216,Patch,Windward,Northern,42
356,6/8/16,2,21.47703398,-157.824804,12:16,217,Patch,Windward,Northern,42
357,6/8/16,2,21.47701303,-157.824818,12:17,218,Patch,Windward,Northern,42
358,6/8/16,4,21.47698796,-157.8248,12:19,219,Patch,Windward,Northern,42
359,6/8/16,2,21.47697103,-157.824849,12:20,220,Patch,Windward,Northern,42
360,6/8/16,2.7,21.47694396,-157.824857,12:21,221,Patch,Windward,Northern,42
361,6/10/16,4,21.45282604,-157.800334,10:40,223,Patch,Windward,Southern,14
362,6/10/16,5,21.45292603,-157.80037,10:42,224,Patch,Windward,Southern,14
363,6/10/16,2.5,21.45288999,-157.800397,10:43,225,Patch,Windward,Southern,14
364,6/10/16,3,21.45284398,-157.800401,10:45,226,Patch,Windward,Southern,14
365,6/10/16,2.8,21.45281699,-157.800389,10:46,227,Patch,Windward,Southern,14
366,6/10/16,2.6,21.45277298,-157.800416,10:48,228,Patch,Windward,Southern,14
367,6/10/16,2.8,21.45272504,-157.800411,10:49,229,Patch,Windward,Southern,14
368,6/10/16,3.2,21.45270903,-157.8004,10:51,230,Patch,Windward,Southern,14
369,6/10/16,6,21.45268204,-157.800395,10:52,231,Patch,Windward,Southern,14
370,6/10/16,3.2,21.45267298,-157.800409,10:53,232,Patch,Windward,Southern,14
371,6/10/16,1,21.45279402,-157.801053,11:09,233,Patch,Top,Southern,14
372,6/10/16,1,21.45281699,-157.800864,11:13,234,Patch,Top,Southern,14
373,6/10/16,1,21.452834,-157.800825,11:14,235,Patch,Top,Southern,14
374,6/10/16,1,21.452934,-157.80078,11:16,236,Patch,Top,Southern,14
375,6/10/16,1,21.45294397,-157.800753,11:17,237,Patch,Top,Southern,14
376,6/10/16,1,21.45287801,-157.8007,11:20,238,Patch,Top,Southern,14
377,6/10/16,1,21.45274599,-157.800696,11:21,239,Patch,Top,Southern,14
378,6/10/16,1,21.45272302,-157.800949,11:24,240,Patch,Top,Southern,14
379,6/10/16,1,21.45278396,-157.800964,11:30,241,Patch,Top,Southern,14
380,6/10/16,1,21.45281699,-157.800831,11:34,242,Patch,Top,Southern,14
381,6/10/16,2,21.45269997,-157.801667,11:54,243,Patch,Leeward,Southern,14
382,6/10/16,4,21.45264197,-157.801657,11:55,244,Patch,Leeward,Southern,14
383,6/10/16,3.9,21.45261699,-157.801651,11:57,245,Patch,Leeward,Southern,14
384,6/10/16,3.6,21.45261297,-157.801638,11:57,246,Patch,Leeward,Southern,14
385,6/10/16,2.5,21.45258699,-157.801621,11:58,247,Patch,Leeward,Southern,14
386,6/10/16,1.7,21.45259,-157.8016,12:00,248,Patch,Leeward,Southern,14
387,6/10/16,2,21.45258397,-157.801599,12:00,249,Patch,Leeward,Southern,14
388,6/10/16,5,21.45258497,-157.801633,12:01,250,Patch,Leeward,Southern,14
389,6/10/16,2,21.45256,-157.801565,12:02,251,Patch,Leeward,Southern,14
390,6/10/16,1.5,21.45253602,-157.801518,12:02,252,Patch,Leeward,Southern,14
391,6/14/16,5,21.46075498,-157.82288,10:42,253,Patch,Windward,Central,25
392,6/14/16,1.5,21.46072598,-157.82286,10:43,254,Patch,Windward,Central,25
393,6/14/16,3.5,21.46071299,-157.82288,10:45,255,Patch,Windward,Central,25
394,6/14/16,4.5,21.46066496,-157.82289,10:46,256,Patch,Windward,Central,25
395,6/14/16,3.5,21.460642,-157.82289,10:48,257,Patch,Windward,Central,25
396,6/14/16,2.5,21.46063504,-157.82289,10:49,258,Patch,Windward,Central,25
397,6/14/16,2,21.46074199,-157.82291,10:51,259,Patch,Windward,Central,25
398,6/14/16,2.5,21.46080804,-157.82289,10:52,260,Patch,Windward,Central,25
399,6/14/16,2,21.46084903,-157.82289,10:53,261,Patch,Windward,Central,25
400,6/14/16,4.2,21.46086596,-157.82292,11:09,262,Patch,Windward,Central,25
401,6/14/16,0.4,21.46085599,-157.82333,11:13,263,Patch,Top,Central,25
402,6/14/16,0.5,21.46088096,-157.82336,11:14,264,Patch,Top,Central,25
403,6/14/16,0.5,21.46088197,-157.82341,11:16,265,Patch,Top,Central,25
404,6/14/16,0.5,21.46090996,-157.82346,11:17,266,Patch,Top,Central,25
405,6/14/16,0.5,21.460902,-157.82344,11:20,267,Patch,Top,Central,25
406,6/14/16,0.5,21.46090603,-157.82344,11:21,268,Patch,Top,Central,25
407,6/14/16,0.5,21.46087401,-157.82343,11:24,269,Patch,Top,Central,25
408,6/14/16,0.5,21.46092103,-157.82336,11:30,270,Patch,Top,Central,25
409,6/14/16,0.5,21.46090301,-157.82335,11:34,271,Patch,Top,Central,25
410,6/14/16,0.5,21.46093,-157.82332,11:54,272,Patch,Top,Central,25
411,6/14/16,2,21.46068399,-157.82423,11:55,273,Patch,Leeward,Central,25
412,6/14/16,3,21.46067896,-157.82422,11:57,274,Patch,Leeward,Central,25
413,6/14/16,3,21.46064702,-157.82419,11:57,275,Patch,Leeward,Central,25
414,6/14/16,2.5,21.46065298,-157.82417,11:58,276,Patch,Leeward,Central,25
415,6/14/16,5.5,21.46066697,-157.82413,12:00,277,Patch,Leeward,Central,25
416,6/14/16,4,21.46063797,-157.82411,12:00,278,Patch,Leeward,Central,25
417,6/14/16,3.2,21.46063898,-157.8241,12:01,279,Patch,Leeward,Central,25
418,6/14/16,3.5,21.460614,-157.82411,12:02,280,Patch,Leeward,Central,25
419,6/14/16,3,21.46059497,-157.8241,12:02,281,Patch,Leeward,Central,25
420,6/14/16,2,21.46065901,-157.82407,12:03,282,Patch,Leeward,Central,25
421,6/14/16,3.5,21.43983,-157.79807,12:05,73,Patch,Windward,Southern,5
422,6/14/16,3,,,12:05,,Patch,Windward,Southern,5
423,6/14/16,2.8,21.43981,-157.79802,12:21,78,Patch,Windward,Southern,5
424,6/14/16,1.5,21.4398,-157.79802,12:21,77,Patch,Windward,Southern,5
425,6/14/16,4,21.43979,-157.798,12:32,79,Patch,Windward,Southern,5
426,6/14/16,1,21.43978,-157.79799,12:18,76,Patch,Windward,Southern,5
427,6/14/16,0.5,21.43977,-157.79797,12:16,74,Patch,Windward,Southern,5
428,6/14/16,0.7,21.43978,-157.79797,12:18,75,Patch,Windward,Southern,5
429,6/14/16,3.5,,,12:18,,Patch,Windward,Southern,5
430,6/14/16,2.5,,,12:18,,Patch,Windward,Southern,5
431,6/14/16,0.5,21.43961,-157.79825,13:06,87,Patch,Top,Southern,5
432,6/14/16,0.5,,,13:06,,Patch,Top,Southern,5
433,6/14/16,0.5,21.43946,-157.79822,12:50,85,Patch,Top,Southern,5
434,6/14/16,0.5,21.43946,-157.79816,12:44,82,Patch,Top,Southern,5
435,6/14/16,0.5,21.43945,-157.79816,12:44,83,Patch,Top,Southern,5
436,6/14/16,0.4,21.43946,-157.79811,12:46,84,Patch,Top,Southern,5
437,6/14/16,0.4,21.43957,-157.79811,12:41,81,Patch,Top,Southern,5
438,6/14/16,0.4,21.43957,-157.79808,12:40,80,Patch,Top,Southern,5
439,6/14/16,0.5,,,12:40,,Patch,Top,Southern,5
440,6/14/16,0.6,,,12:40,,Patch,Top,Southern,5
441,6/16/16,1.5,21.4371,-157.80203,13:18,92,Patch,Leeward,Southern,5
442,6/16/16,2.5,21.43709,-157.80203,13:19,93,Patch,Leeward,Southern,5
443,6/16/16,4,21.43709,-157.80206,13:18,91,Patch,Leeward,Southern,5
444,6/16/16,2.5,21.43711,-157.80203,13:14,89,Patch,Leeward,Southern,5
445,6/16/16,3,21.43712,-157.80205,13:13,88,Patch,Leeward,Southern,5
446,6/16/16,0.6,21.43702,-157.80202,13:24,95,Patch,Leeward,Southern,5
447,6/16/16,0.5,21.43701,-157.80202,13:23,94,Patch,Leeward,Southern,5
448,6/16/16,4.3,21.43698,-157.80205,13:25,96,Patch,Leeward,Southern,5
449,6/16/16,3.4,21.43696,-157.80206,13:26,97,Patch,Leeward,Southern,5
450,6/16/16,3,21.43694,-157.80205,13:16,90,Patch,Leeward,Southern,5
451,6/16/16,3,21.44603,-157.80304,13:14,24,Patch,Windward,Southern,10
452,6/16/16,2.7,21.44602,-157.80305,13:14,25,Patch,Windward,Southern,10
453,6/16/16,1,21.44602,-157.80307,13:12,23,Patch,Windward,Southern,10
454,6/16/16,0.6,21.44611,-157.80307,13:10,20,Patch,Windward,Southern,10
455,6/16/16,2,21.44607,-157.80305,13:11,22,Patch,Windward,Southern,10
456,6/16/16,2.3,21.44611,-157.80307,13:10,21,Patch,Windward,Southern,10
457,6/16/16,0.6,21.44615,-157.80305,13:08,19,Patch,Windward,Southern,10
458,6/16/16,5.3,,,13:08,,Patch,Windward,Southern,10
459,6/16/16,3.2,21.44612,-157.80305,13:22,26,Patch,Windward,Southern,10
460,6/16/16,3,,,13:22,,Patch,Windward,Southern,10
461,6/16/16,0.6,21.44618,-157.8037,12:32,15,Patch,Top,Southern,10
462,6/16/16,0.4,21.4461,-157.80376,12:35,16,Patch,Top,Southern,10
463,6/16/16,0.3,,,12:35,,Patch,Top,Southern,10
464,6/16/16,0.4,21.44594,-157.8037,12:00,11,Patch,Top,Southern,10
465,6/16/16,0.6,21.44598,-157.80367,12:01,12,Patch,Top,Southern,10
466,6/16/16,0.25,21.44606,-157.80357,12:03,13,Patch,Top,Southern,10
467,6/16/16,0.9,21.44613,-157.8036,12:37,18,Patch,Top,Southern,10
468,6/16/16,0.8,21.44614,-157.8036,12:36,17,Patch,Top,Southern,10
469,6/16/16,0.6,21.44618,-157.80363,12:25,14,Patch,Top,Southern,10
470,6/16/16,0.4,,,12:25,,Patch,Top,Southern,10
471,6/16/16,4.6,21.44567,-157.80432,11:44,6,Patch,Leeward,Southern,10
472,6/16/16,2.6,21.44567,-157.80431,11:52,9,Patch,Leeward,Southern,10
473,6/16/16,3,21.44567,-157.80429,11:51,8,Patch,Leeward,Southern,10
474,6/16/16,4,21.44565,-157.80432,11:45,7,Patch,Leeward,Southern,10
475,6/16/16,2.7,21.44565,-157.80428,11:53,10,Patch,Leeward,Southern,10
476,6/16/16,3.3,21.4457,-157.80423,11:39,1,Patch,Leeward,Southern,10
477,6/16/16,4.5,21.44558,-157.80423,11:41,2,Patch,Leeward,Southern,10
478,6/16/16,5.1,21.44558,-157.80423,11:41,3,Patch,Leeward,Southern,10
479,6/16/16,5.3,21.44558,-157.80423,11:42,4,Patch,Leeward,Southern,10
480,6/16/16,2.5,21.44555,-157.80424,11:43,5,Patch,Leeward,Southern,10
481,6/30/16,4.88,21.47914,-157.83287,11:08,221,Patch,Windward,Northern,46
482,6/30/16,3.96,21.47923,-157.83282,11:11,222,Patch,Windward,Northern,46
483,6/30/16,5.49,21.47924,-157.83279,11:14,223,Patch,Windward,Northern,46
484,6/30/16,3.66,21.47927,-157.83281,11:17,224,Patch,Windward,Northern,46
485,6/30/16,5.79,21.47927,-157.83279,11:20,225,Patch,Windward,Northern,46
486,6/30/16,4.57,21.47929,-157.83281,11:22,226,Patch,Windward,Northern,46
487,6/30/16,5.49,21.4791,-157.83293,11:25,227,Patch,Windward,Northern,46
488,6/30/16,6.71,21.4791,-157.83292,11:28,228,Patch,Windward,Northern,46
489,6/30/16,5.18,21.47908,-157.83296,11:30,229,Patch,Windward,Northern,46
490,6/30/16,4.57,21.47907,-157.83298,11:31,230,Patch,Windward,Northern,46
491,6/30/16,0.61,21.47893,-157.83359,11:49,231,Patch,Top,Northern,46
492,6/30/16,0.91,21.47894,-157.83363,11:51,232,Patch,Top,Northern,46
493,6/30/16,0.61,21.47889,-157.83369,11:53,233,Patch,Top,Northern,46
494,6/30/16,1.07,21.47895,-157.83374,11:54,234,Patch,Top,Northern,46
495,6/30/16,0.91,21.47901,-157.83371,11:56,235,Patch,Top,Northern,46
496,6/30/16,0.91,21.47903,-157.83369,11:58,236,Patch,Top,Northern,46
497,6/30/16,0.91,21.47903,-157.83368,12:00,237,Patch,Top,Northern,46
498,6/30/16,0.61,21.47905,-157.83363,12:02,238,Patch,Top,Northern,46
499,6/30/16,1.22,21.47903,-157.83359,12:03,239,Patch,Top,Northern,46
500,6/30/16,1.22,21.47899,-157.83356,12:05,240,Patch,Top,Northern,46
501,6/30/16,3.66,21.47888,-157.8343,12:21,241,Patch,Leeward,Northern,46
502,6/30/16,3.66,21.47888,-157.8343,12:21,242,Patch,Leeward,Northern,46
503,6/30/16,4.88,21.47887,-157.83429,12:22,243,Patch,Leeward,Northern,46
504,6/30/16,2.44,21.47887,-157.83427,12:23,244,Patch,Leeward,Northern,46
505,6/30/16,4.27,21.47885,-157.83426,12:24,245,Patch,Leeward,Northern,46
506,6/30/16,3.96,21.47885,-157.83424,12:25,246,Patch,Leeward,Northern,46
507,6/30/16,1.22,21.47884,-157.83421,12:30,248,Patch,Leeward,Northern,46
508,6/30/16,3.66,21.47884,-157.8342,12:31,249,Patch,Leeward,Northern,46
509,6/30/16,3.35,21.47882,-157.83418,12:32,250,Patch,Leeward,Northern,46
510,6/30/16,2.13,21.4788,-157.83414,12:33,251,Patch,Leeward,Northern,46
511,6/30/16,1.52,21.47114,-157.82288,13:49,252,Patch,Windward,Northern,30
512,6/30/16,3.05,21.47112,-157.82286,13:51,253,Patch,Windward,Northern,30
513,6/30/16,1.52,21.47109,-157.82288,13:53,254,Patch,Windward,Northern,30
514,6/30/16,2.13,21.47108,-157.82289,13:54,255,Patch,Windward,Northern,30
515,6/30/16,3.66,21.47106,-157.82289,13:55,256,Patch,Windward,Northern,30
516,6/30/16,6.71,21.47103,-157.82289,13:56,257,Patch,Windward,Northern,30
517,6/30/16,4.27,21.47101,-157.82291,13:59,258,Patch,Windward,Northern,30
518,6/30/16,7.32,21.471,-157.82289,14:00,259,Patch,Windward,Northern,30
519,6/30/16,3.96,21.471,-157.82289,14:01,260,Patch,Windward,Northern,30
520,6/30/16,2.13,21.47103,-157.82292,14:08,261,Patch,Windward,Northern,30
521,6/30/16,0.61,21.47098,-157.82333,14:18,262,Patch,Top,Northern,30
522,6/30/16,0.91,21.47097,-157.82336,14:19,263,Patch,Top,Northern,30
523,6/30/16,0.61,21.47096,-157.82341,14:21,264,Patch,Top,Northern,30
524,6/30/16,0.61,21.47099,-157.82346,14:22,265,Patch,Top,Northern,30
525,6/30/16,0.91,21.47102,-157.82344,14:24,266,Patch,Top,Northern,30
526,6/30/16,0.91,21.47104,-157.82344,14:24,267,Patch,Top,Northern,30
527,6/30/16,0.91,21.47108,-157.82343,14:26,268,Patch,Top,Northern,30
528,6/30/16,0.91,21.47107,-157.82336,14:28,270,Patch,Top,Northern,30
529,6/30/16,0.91,21.47108,-157.82335,14:29,271,Patch,Top,Northern,30
530,6/30/16,0.91,21.47104,-157.82332,14:30,272,Patch,Top,Northern,30
531,6/30/16,2.44,21.47068,-157.82423,14:44,273,Patch,Leeward,Northern,30
532,6/30/16,4.57,21.47065,-157.82422,14:45,274,Patch,Leeward,Northern,30
533,6/30/16,1.52,21.47069,-157.82419,14:46,275,Patch,Leeward,Northern,30
534,6/30/16,5.49,21.47063,-157.82417,14:47,276,Patch,Leeward,Northern,30
535,6/30/16,2.13,21.4706,-157.82413,14:50,278,Patch,Leeward,Northern,30
536,6/30/16,3.66,21.47061,-157.82411,14:52,279,Patch,Leeward,Northern,30
537,6/30/16,1.83,21.47061,-157.8241,14:53,280,Patch,Leeward,Northern,30
538,6/30/16,4.88,21.47059,-157.82411,14:53,281,Patch,Leeward,Northern,30
539,6/30/16,2.13,21.47061,-157.8241,14:54,282,Patch,Leeward,Northern,30
540,6/30/16,3.35,21.47058,-157.82407,14:56,283,Patch,Leeward,Northern,30
541,7/6/16,1.524,21.4632,-157.81245,10:50,293,Patch,Windward,Central,21
542,7/6/16,1.524,21.46319,-157.81244,10:54,294,Patch,Windward,Central,21
543,7/6/16,2.7432,21.46319,-157.81244,10:55,295,Patch,Windward,Central,21
544,7/6/16,4.2672,21.46323,-157.81245,10:55,296,Patch,Windward,Central,21
545,7/6/16,6.096,21.46325,-157.81247,10:57,297,Patch,Windward,Central,21
546,7/6/16,2.4384,21.46325,-157.81247,10:58,298,Patch,Windward,Central,21
547,7/6/16,1.8288,21.46323,-157.81248,10:59,299,Patch,Windward,Central,21
548,7/6/16,1.524,21.46324,-157.81252,11:01,300,Patch,Windward,Central,21
549,7/6/16,4.8768,21.46326,-157.81255,11:02,301,Patch,Windward,Central,21
550,7/6/16,3.048,21.46325,-157.81256,11:03,302,Patch,Windward,Central,21
551,7/6/16,0.3048,21.46306,-157.81252,11:15,303,Patch,Top,Central,21
552,7/6/16,0.3048,21.46304,-157.81252,11:17,304,Patch,Top,Central,21
553,7/6/16,0.3048,21.46305,-157.81248,11:18,305,Patch,Top,Central,21
554,7/6/16,0.3048,21.46305,-157.81247,11:19,306,Patch,Top,Central,21
555,7/6/16,0.3048,21.46307,-157.81248,11:20,307,Patch,Top,Central,21
556,7/6/16,0.3048,21.46307,-157.81248,11:21,308,Patch,Top,Central,21
557,7/6/16,0.3048,21.46309,-157.81247,11:22,309,Patch,Top,Central,21
558,7/6/16,0.3048,21.46311,-157.81247,11:23,310,Patch,Top,Central,21
559,7/6/16,0.3048,21.46313,-157.81245,11:26,311,Patch,Top,Central,21
560,7/6/16,0.3048,21.46315,-157.81247,11:26,312,Patch,Top,Central,21
561,7/6/16,1.524,21.46302,-157.8125,11:37,313,Patch,Leeward,Central,21
562,7/6/16,1.8288,21.46301,-157.81252,11:38,314,Patch,Leeward,Central,21
563,7/6/16,4.8768,21.46297,-157.81248,11:40,315,Patch,Leeward,Central,21
564,7/6/16,4.572,21.46298,-157.81256,11:42,316,Patch,Leeward,Central,21
565,7/6/16,1.8288,21.46299,-157.81259,11:43,317,Patch,Leeward,Central,21
566,7/6/16,1.524,21.46299,-157.81258,11:44,318,Patch,Leeward,Central,21
567,7/6/16,3.3528,21.46301,-157.81262,11:46,319,Patch,Leeward,Central,21
568,7/6/16,1.524,21.46301,-157.81264,11:47,320,Patch,Leeward,Central,21
569,7/6/16,3.048,21.46302,-157.81264,11:47,321,Patch,Leeward,Central,21
570,7/6/16,4.572,21.46302,-157.81265,11:48,322,Patch,Leeward,Central,21
571,7/6/16,3.9624,21.451,-157.79315,13:15,323,Patch,Windward,Southern,13
572,7/6/16,4.2672,21.45101,-157.79312,13:17,324,Patch,Windward,Southern,13
573,7/6/16,3.3528,21.45104,-157.79314,13:18,325,Patch,Windward,Southern,13
574,7/6/16,3.6576,21.45106,-157.79312,13:19,326,Patch,Windward,Southern,13
575,7/6/16,3.6576,21.45108,-157.79314,13:20,327,Patch,Windward,Southern,13
576,7/6/16,3.3528,21.45109,-157.79314,13:22,328,Patch,Windward,Southern,13
577,7/6/16,3.048,21.45111,-157.79315,13:23,329,Patch,Windward,Southern,13
578,7/6/16,3.3528,21.45113,-157.79317,13:24,330,Patch,Windward,Southern,13
579,7/6/16,2.4384,21.45114,-157.7932,13:25,331,Patch,Windward,Southern,13
580,7/6/16,2.7432,21.45116,-157.79323,13:26,332,Patch,Windward,Southern,13
581,7/6/16,0.9144,21.45076,-157.79399,13:43,333,Patch,Top,Southern,13
582,7/6/16,1.2192,21.45075,-157.79402,13:45,334,Patch,Top,Southern,13
583,7/6/16,0.6096,21.45077,-157.79404,13:46,335,Patch,Top,Southern,13
584,7/6/16,0.6096,21.45078,-157.79402,13:46,336,Patch,Top,Southern,13
585,7/6/16,1.2192,21.45079,-157.79399,13:47,337,Patch,Top,Southern,13
586,7/6/16,0.9144,21.45081,-157.79396,13:49,338,Patch,Top,Southern,13
587,7/6/16,0.9144,21.45081,-157.7939,13:53,339,Patch,Top,Southern,13
588,7/6/16,0.9144,21.45077,-157.7939,13:53,340,Patch,Top,Southern,13
589,7/6/16,0.6096,21.4507,-157.79393,13:54,341,Patch,Top,Southern,13
590,7/6/16,1.2192,21.45068,-157.79399,13:54,342,Patch,Top,Southern,13
591,7/6/16,2.4384,21.45039,-157.79463,14:19,343,Patch,Leeward,Southern,13
592,7/6/16,1.8288,21.45041,-157.79462,14:21,344,Patch,Leeward,Southern,13
593,7/6/16,3.6576,21.45044,-157.79463,14:21,345,Patch,Leeward,Southern,13
594,7/6/16,1.8288,21.45045,-157.79462,14:23,346,Patch,Leeward,Southern,13
595,7/6/16,2.1336,21.45045,-157.79463,14:23,347,Patch,Leeward,Southern,13
596,7/6/16,4.2672,21.45047,-157.79463,14:24,348,Patch,Leeward,Southern,13
597,7/6/16,3.3528,21.45049,-157.79463,14:25,349,Patch,Leeward,Southern,13
598,7/6/16,2.1336,21.45051,-157.79462,14:26,350,Patch,Leeward,Southern,13
599,7/6/16,3.6576,21.45053,-157.79463,14:27,351,Patch,Leeward,Southern,13
600,7/6/16,0.9144,21.45054,-157.79462,14:28,352,Patch,Leeward,Southern,13
601,7/7/16,0.6096,21.45771,-157.80676,10:39,355,Patch,Windward,Central,19
602,7/7/16,2.7432,21.45772,-157.80675,10:41,356,Patch,Windward,Central,19
603,7/7/16,3.6576,21.45772,-157.80675,10:42,357,Patch,Windward,Central,19
604,7/7/16,4.2672,21.45774,-157.80673,10:42,358,Patch,Windward,Central,19
605,7/7/16,4.572,21.45777,-157.80675,10:44,359,Patch,Windward,Central,19
606,7/7/16,3.3528,21.45778,-157.80676,10:45,360,Patch,Windward,Central,19
607,7/7/16,3.048,21.45778,-157.80676,10:46,361,Patch,Windward,Central,19
608,7/7/16,1.8288,21.45779,-157.80678,10:47,362,Patch,Windward,Central,19
609,7/7/16,3.9624,21.45781,-157.80678,10:49,363,Patch,Windward,Central,19
610,7/7/16,3.6576,21.45785,-157.80687,10:52,364,Patch,Windward,Central,19
611,7/7/16,0.3048,21.45778,-157.8069,11:02,365,Patch,Top,Central,19
612,7/7/16,0.3048,21.45777,-157.80693,11:04,366,Patch,Top,Central,19
613,7/7/16,0.3048,21.45776,-157.80698,11:06,367,Patch,Top,Central,19
614,7/7/16,0.3048,21.45774,-157.80698,11:07,368,Patch,Top,Central,19
615,7/7/16,0.3048,21.45774,-157.80699,11:08,369,Patch,Top,Central,19
616,7/7/16,0.6096,21.45758,-157.8069,11:13,370,Patch,Top,Central,19
617,7/7/16,0.6096,21.45758,-157.8069,11:14,371,Patch,Top,Central,19
618,7/7/16,0.4572,21.45758,-157.80687,11:16,372,Patch,Top,Central,19
619,7/7/16,0.6096,21.45759,-157.80685,11:16,373,Patch,Top,Central,19
620,7/7/16,0.3048,21.4576,-157.80684,11:17,374,Patch,Top,Central,19
621,7/7/16,1.524,21.45759,-157.80704,11:29,375,Patch,Leeward,Central,19
622,7/7/16,2.4384,21.45761,-157.80705,11:29,376,Patch,Leeward,Central,19
623,7/7/16,4.572,21.45761,-157.80705,11:31,377,Patch,Leeward,Central,19
624,7/7/16,5.1816,21.45761,-157.80705,11:32,378,Patch,Leeward,Central,19
625,7/7/16,6.7056,21.45761,-157.80707,11:33,379,Patch,Leeward,Central,19
626,7/7/16,4.8768,21.4576,-157.80707,11:34,380,Patch,Leeward,Central,19
627,7/7/16,3.6576,21.45758,-157.80705,11:35,381,Patch,Leeward,Central,19
628,7/7/16,1.8288,21.45756,-157.80704,11:40,385,Patch,Leeward,Central,19
629,7/7/16,3.048,21.45061,-157.81035,13:15,384,Patch,Leeward,Central,19
630,7/7/16,1.2192,21.45062,-157.81032,13:15,383,Patch,Leeward,Central,19
631,7/7/16,1.2192,21.45062,-157.81032,13:16,386,Patch,Windward,Central,18
632,7/7/16,2.1336,21.45062,-157.81032,13:17,387,Patch,Windward,Central,18
633,7/7/16,3.3528,21.45063,-157.81032,13:18,388,Patch,Windward,Central,18
634,7/7/16,2.1336,21.45064,-157.81032,13:19,389,Patch,Windward,Central,18
635,7/7/16,2.7432,21.45064,-157.81032,13:19,390,Patch,Windward,Central,18
636,7/7/16,3.3528,21.45067,-157.81032,13:21,391,Patch,Windward,Central,18
637,7/7/16,3.6576,21.45072,-157.81032,13:22,392,Patch,Windward,Central,18
638,7/7/16,4.8768,21.45073,-157.81032,13:23,393,Patch,Windward,Central,18
639,7/7/16,2.7432,21.45045,-157.81091,13:43,394,Patch,Windward,Central,18
640,7/7/16,2.1336,21.45046,-157.81091,13:45,395,Patch,Windward,Central,18
641,7/7/16,0.4572,21.45047,-157.8109,13:46,396,Patch,Top,Central,18
642,7/7/16,0.4572,21.45049,-157.81088,13:46,397,Patch,Top,Central,18
643,7/7/16,0.4572,21.45053,-157.81094,13:47,398,Patch,Top,Central,18
644,7/7/16,0.4572,21.45053,-157.81097,13:48,399,Patch,Top,Central,18
645,7/7/16,0.4572,21.4505,-157.811,13:49,400,Patch,Top,Central,18
646,7/7/16,0.4572,21.45047,-157.811,13:49,401,Patch,Top,Central,18
647,7/7/16,0.4572,21.45046,-157.81099,13:50,402,Patch,Top,Central,18
648,7/7/16,0.4572,21.45045,-157.81097,13:51,403,Patch,Top,Central,18
649,7/7/16,0.4572,21.44991,-157.8116,14:07,404,Patch,Top,Central,18
650,7/7/16,0.4572,21.44989,-157.8116,14:07,405,Patch,Top,Central,18
651,7/7/16,2.1336,21.44988,-157.81161,14:09,406,Patch,Leeward,Central,18
652,7/7/16,3.6576,21.44988,-157.81161,14:10,407,Patch,Leeward,Central,18
653,7/7/16,4.572,21.44989,-157.81163,14:11,408,Patch,Leeward,Central,18
654,7/7/16,2.7432,21.44989,-157.81165,14:12,409,Patch,Leeward,Central,18
655,7/7/16,3.3528,21.44989,-157.81168,14:13,410,Patch,Leeward,Central,18
656,7/7/16,4.8768,21.4499,-157.81168,14:14,411,Patch,Leeward,Central,18
657,7/7/16,4.2672,21.44991,-157.81171,14:16,412,Patch,Leeward,Central,18
658,7/7/16,2.7432,21.44991,-157.81172,14:17,413,Patch,Leeward,Central,18
659,7/7/16,2.4384,21.47276,-157.82898,10:36,414,Patch,Leeward,Central,18
660,7/7/16,1.524,21.47276,-157.82896,10:38,415,Patch,Leeward,Central,18
661,7/8/16,1.8288,21.47276,-157.82896,10:38,416,Patch,Windward,Northern,38
662,7/8/16,2.4384,21.47277,-157.82896,10:40,417,Patch,Windward,Northern,38
663,7/8/16,4.2672,21.47279,-157.82895,10:41,418,Patch,Windward,Northern,38
664,7/8/16,4.2672,21.4728,-157.82895,10:42,419,Patch,Windward,Northern,38
665,7/8/16,4.8768,21.47282,-157.82895,10:43,420,Patch,Windward,Northern,38
666,7/8/16,3.3528,21.47283,-157.82896,10:44,421,Patch,Windward,Northern,38
667,7/8/16,4.572,21.47283,-157.82896,10:44,422,Patch,Windward,Northern,38
668,7/8/16,3.048,21.47285,-157.82898,10:45,423,Patch,Windward,Northern,38
669,7/8/16,1.8288,21.47281,-157.82933,10:59,424,Patch,Windward,Northern,38
670,7/8/16,2.1336,21.47277,-157.82933,10:59,425,Patch,Windward,Northern,38
671,7/8/16,0.4572,21.47278,-157.82935,11:00,426,Patch,Top,Northern,38
672,7/8/16,0.4572,21.47281,-157.82936,11:01,427,Patch,Top,Northern,38
673,7/8/16,0.4572,21.47282,-157.82938,11:02,428,Patch,Top,Northern,38
674,7/8/16,0.4572,21.47283,-157.82938,11:03,429,Patch,Top,Northern,38
675,7/8/16,0.5334,21.47284,-157.82938,11:04,430,Patch,Top,Northern,38
676,7/8/16,0.4572,21.47285,-157.82936,11:06,431,Patch,Top,Northern,38
677,7/8/16,0.4572,21.47283,-157.82925,11:07,432,Patch,Top,Northern,38
678,7/8/16,0.4572,21.47277,-157.82928,11:09,433,Patch,Top,Northern,38
679,7/8/16,0.3048,21.47267,-157.82962,11:20,434,Patch,Top,Northern,38
680,7/8/16,0.4572,21.47265,-157.82962,11:22,435,Patch,Top,Northern,38
681,7/8/16,0.9144,21.47264,-157.82964,11:23,436,Patch,Leeward,Northern,38
682,7/8/16,3.048,21.47264,-157.82964,11:24,437,Patch,Leeward,Northern,38
683,7/8/16,3.6576,21.47264,-157.82964,11:24,438,Patch,Leeward,Northern,38
684,7/8/16,3.048,21.47263,-157.82962,11:26,439,Patch,Leeward,Northern,38
685,7/8/16,2.7432,21.47257,-157.82959,11:28,440,Patch,Leeward,Northern,38
686,7/8/16,4.572,21.47256,-157.82954,11:28,441,Patch,Leeward,Northern,38
687,7/8/16,5.1816,21.47256,-157.82953,11:29,442,Patch,Leeward,Northern,38
688,7/8/16,3.6576,21.47256,-157.82951,11:29,443,Patch,Leeward,Northern,38
689,7/8/16,3.3528,21.46656,-157.81857,13:05,444,Patch,Leeward,Northern,38
690,7/8/16,3.048,21.4666,-157.81859,13:10,445,Patch,Leeward,Northern,38
691,7/8/16,0.9144,21.4666,-157.81859,13:11,446,Patch,Windward,Northern,26
692,7/8/16,2.1336,21.46663,-157.81857,13:12,447,Patch,Windward,Northern,26
693,7/8/16,4.8768,21.46662,-157.81862,13:13,448,Patch,Windward,Northern,26
694,7/8/16,3.048,21.46665,-157.81862,13:14,449,Patch,Windward,Northern,26
695,7/8/16,3.6576,21.46665,-157.81863,13:15,450,Patch,Windward,Northern,26
696,7/8/16,5.4864,21.46667,-157.81868,13:16,451,Patch,Windward,Northern,26
697,7/8/16,3.9624,21.46664,-157.81868,13:17,452,Patch,Windward,Northern,26
698,7/8/16,4.2672,21.46666,-157.81879,13:17,453,Patch,Windward,Northern,26
699,7/8/16,2.7432,21.46632,-157.81903,13:30,454,Patch,Windward,Northern,26
700,7/8/16,2.1336,21.46632,-157.81903,13:30,455,Patch,Windward,Northern,26
701,7/8/16,0.381,21.46632,-157.81915,13:31,456,Patch,Top,Northern,26
702,7/8/16,0.3048,21.46634,-157.81915,13:31,457,Patch,Top,Northern,26
703,7/8/16,0.3048,21.46629,-157.81915,13:35,458,Patch,Top,Northern,26
704,7/8/16,0.3048,21.46621,-157.81915,13:35,459,Patch,Top,Northern,26
705,7/8/16,0.3048,21.46619,-157.81911,13:36,460,Patch,Top,Northern,26
706,7/8/16,0.3048,21.46614,-157.81906,13:37,461,Patch,Top,Northern,26
707,7/8/16,0.3048,21.4662,-157.819,13:38,462,Patch,Top,Northern,26
708,7/8/16,0.3048,21.46626,-157.819,13:39,463,Patch,Top,Northern,26
709,7/8/16,0.3048,21.4661,-157.81952,13:52,464,Patch,Top,Northern,26
710,7/8/16,0.3048,21.46611,-157.8195,13:53,465,Patch,Top,Northern,26
711,7/8/16,3.048,21.46609,-157.81952,13:54,466,Patch,Leeward,Northern,26
712,7/8/16,3.048,21.46608,-157.81955,13:57,467,Patch,Leeward,Northern,26
713,7/8/16,3.9624,21.46605,-157.81953,13:58,468,Patch,Leeward,Northern,26
714,7/8/16,5.1816,21.46602,-157.81955,13:58,469,Patch,Leeward,Northern,26
715,7/8/16,3.9624,21.466,-157.81953,13:59,470,Patch,Leeward,Northern,26
716,7/8/16,5.4864,21.466,-157.81952,14:00,471,Patch,Leeward,Northern,26
717,7/8/16,3.048,21.46595,-157.81935,14:01,472,Patch,Leeward,Northern,26
718,7/8/16,1.2192,21.46596,-157.81953,14:02,473,Patch,Leeward,Northern,26
719,7/8/16,2.4384,21.47935,-157.83598,10:20,474,Patch,Leeward,Northern,26
720,7/8/16,2.7432,21.47935,-157.83598,10:20,475,Patch,Leeward,Northern,26
721,7/11/16,2.4384,21.47934,-157.83598,10:22,476,Fringe,Slope,Northern,F1-46
722,7/11/16,4.8768,21.47934,-157.83598,10:23,477,Fringe,Slope,Northern,F1-46
723,7/11/16,4.2672,21.47933,-157.83598,10:24,478,Fringe,Slope,Northern,F1-46
724,7/11/16,2.7432,21.47933,-157.83598,10:24,479,Fringe,Slope,Northern,F1-46
725,7/11/16,3.6576,21.47932,-157.836,10:26,480,Fringe,Slope,Northern,F1-46
726,7/11/16,4.8768,21.47931,-157.836,10:28,482,Fringe,Slope,Northern,F1-46
727,7/11/16,5.1816,21.4793,-157.83601,10:29,483,Fringe,Slope,Northern,F1-46
728,7/11/16,3.048,21.4793,-157.83604,10:30,484,Fringe,Slope,Northern,F1-46
729,7/11/16,2.4384,21.47928,-157.83611,10:34,485,Fringe,Slope,Northern,F1-46
730,7/11/16,4.572,21.47938,-157.83607,10:53,486,Fringe,Slope,Northern,F1-46
731,7/11/16,1.524,21.479356,-157.83601,10:54,487,Fringe,Top,Northern,F1-46
732,7/11/16,0.762,21.47938,-157.83601,10:55,488,Fringe,Top,Northern,F1-46
733,7/11/16,0.9144,21.47934,-157.83607,11:00,489,Fringe,Top,Northern,F1-46
734,7/11/16,0.6096,21.47934,-157.83607,11:01,490,Fringe,Top,Northern,F1-46
735,7/11/16,1.2192,21.47933,-157.83607,11:02,491,Fringe,Top,Northern,F1-46
736,7/11/16,0.762,21.47932,-157.83609,11:03,492,Fringe,Top,Northern,F1-46
737,7/11/16,0.762,21.47931,-157.83617,11:04,493,Fringe,Top,Northern,F1-46
738,7/11/16,0.6096,21.47925,-157.83627,11:07,494,Fringe,Top,Northern,F1-46
739,7/11/16,0.762,21.47923,-157.83629,11:09,495,Fringe,Top,Northern,F1-46
740,7/11/16,0.762,21.46471,-157.82822,12:05,496,Fringe,Top,Northern,F1-46
741,7/11/16,4.2672,21.46471,-157.82819,12:06,497,Fringe,Slope,Central,F2-25
742,7/11/16,5.4864,21.46471,-157.82829,12:07,498,Fringe,Slope,Central,F2-25
743,7/11/16,5.1816,21.4647,-157.8282,12:08,499,Fringe,Slope,Central,F2-25
744,7/11/16,5.1816,21.46471,-157.8282,12:08,500,Fringe,Slope,Central,F2-25
745,7/11/16,3.3528,21.4647,-157.8282,12:10,501,Fringe,Slope,Central,F2-25
746,7/11/16,1.524,21.46469,-157.82822,12:11,503,Fringe,Slope,Central,F2-25
747,7/11/16,2.1336,21.46469,-157.82825,12:12,504,Fringe,Slope,Central,F2-25
748,7/11/16,3.9624,21.46469,-157.82826,12:13,505,Fringe,Slope,Central,F2-25
749,7/11/16,1.8288,21.46468,-157.82826,12:14,506,Fringe,Slope,Central,F2-25
750,7/11/16,3.6576,21.46465,-157.82829,12:16,507,Fringe,Slope,Central,F2-25
751,7/11/16,0.4572,21.46472,-157.82837,12:24,508,Fringe,Top,Central,F2-25
752,7/11/16,0.4572,21.46473,-157.82838,12:25,509,Fringe,Top,Central,F2-25
753,7/11/16,0.4572,21.46473,-157.82841,12:25,510,Fringe,Top,Central,F2-25
754,7/11/16,0.4572,21.46475,-157.82841,12:26,511,Fringe,Top,Central,F2-25
755,7/11/16,0.4572,21.46473,-157.82845,12:30,512,Fringe,Top,Central,F2-25
756,7/11/16,0.4572,21.46471,-157.82846,12:31,513,Fringe,Top,Central,F2-25
757,7/11/16,0.4572,21.46468,-157.82849,12:33,514,Fringe,Top,Central,F2-25
758,7/11/16,0.4572,21.46468,-157.82849,12:34,515,Fringe,Top,Central,F2-25
759,7/11/16,0.4572,21.46466,-157.82852,12:36,516,Fringe,Top,Central,F2-25
760,7/11/16,0.4572,21.46465,-157.82852,12:38,517,Fringe,Top,Central,F2-25
761,7/11/16,3.3528,21.45498,-157.81421,13:09,518,Fringe,Slope,Central,F3-18
762,7/11/16,3.6576,21.45502,-157.81421,13:11,519,Fringe,Slope,Central,F3-18
763,7/11/16,4.2672,21.455,-157.81424,13:13,520,Fringe,Slope,Central,F3-18
764,7/11/16,4.8768,21.455,-157.81424,13:14,521,Fringe,Slope,Central,F3-18
765,7/11/16,3.3528,21.455,-157.81424,13:16,522,Fringe,Slope,Central,F3-18
766,7/11/16,5.4864,21.45499,-157.81424,13:19,523,Fringe,Slope,Central,F3-18
767,7/11/16,1.8288,21.45498,-157.81424,13:20,524,Fringe,Slope,Central,F3-18
768,7/11/16,2.1336,21.45497,-157.81424,13:22,525,Fringe,Slope,Central,F3-18
769,7/11/16,3.048,21.45498,-157.81424,13:23,526,Fringe,Slope,Central,F3-18
770,7/11/16,4.8768,21.45496,-157.81422,13:24,527,Fringe,Slope,Central,F3-18
771,7/11/16,0.4572,21.45491,-157.81448,13:31,528,Fringe,Top,Central,F3-18
772,7/11/16,0.4572,21.45493,-157.81447,13:32,529,Fringe,Top,Central,F3-18
773,7/11/16,0.4572,21.45495,-157.81445,13:33,530,Fringe,Top,Central,F3-18
774,7/11/16,0.4572,21.45496,-157.81445,13:34,531,Fringe,Top,Central,F3-18
775,7/11/16,0.4572,21.45497,-157.81444,13:35,532,Fringe,Top,Central,F3-18
776,7/11/16,0.4572,21.45498,-157.81444,13:36,533,Fringe,Top,Central,F3-18
777,7/11/16,0.4572,21.45498,-157.81444,13:37,534,Fringe,Top,Central,F3-18
778,7/11/16,0.4572,21.45499,-157.81444,13:38,535,Fringe,Top,Central,F3-18
779,7/11/16,0.4572,21.455,-157.81444,13:38,536,Fringe,Top,Central,F3-18
780,7/11/16,0.4572,21.45506,-157.81441,13:42,537,Fringe,Top,Central,F3-18
781,7/20/16,3.6576,21.4692,-157.82985,12:06,1,Fringe,Slope,Northern,F4-34
782,7/20/16,4.572,21.46918,-157.82985,12:06,2,Fringe,Slope,Northern,F4-34
783,7/20/16,3.9624,21.46919,-157.82983,12:06,3,Fringe,Slope,Northern,F4-34
784,7/20/16,3.3528,21.46918,-157.82985,12:08,4,Fringe,Slope,Northern,F4-34
785,7/20/16,2.4384,21.46918,-157.82982,12:09,5,Fringe,Slope,Northern,F4-34
786,7/20/16,2.4384,21.46915,-157.82982,12:10,6,Fringe,Slope,Northern,F4-34
787,7/20/16,6.4008,21.46914,-157.82976,12:11,7,Fringe,Slope,Northern,F4-34
788,7/20/16,4.572,21.46914,-157.82976,12:12,8,Fringe,Slope,Northern,F4-34
789,7/20/16,2.1336,21.46912,-157.82976,12:13,9,Fringe,Slope,Northern,F4-34
790,7/20/16,3.3528,21.4691,-157.82974,12:13,10,Fringe,Slope,Northern,F4-34
791,7/20/16,0.6096,21.46898,-157.83011,12:26,11,Fringe,Top,Northern,F4-34
792,7/20/16,0.6096,21.46901,-157.83012,12:27,12,Fringe,Top,Northern,F4-34
793,7/20/16,0.6096,21.46905,-157.83012,12:29,13,Fringe,Top,Northern,F4-34
794,7/20/16,0.6096,21.46909,-157.83014,12:30,14,Fringe,Top,Northern,F4-34
795,7/20/16,0.6096,21.46914,-157.83018,12:32,15,Fringe,Top,Northern,F4-34
796,7/20/16,0.6096,21.46914,-157.83018,12:34,16,Fringe,Top,Northern,F4-34
797,7/20/16,0.6096,21.46917,-157.83023,12:35,17,Fringe,Top,Northern,F4-34
798,7/20/16,0.6096,21.46919,-157.83017,12:38,18,Fringe,Top,Northern,F4-34
799,7/20/16,0.3048,21.46926,-157.83015,12:39,19,Fringe,Top,Northern,F4-34
800,7/20/16,0.3048,21.46928,-157.83017,12:40,20,Fringe,Top,Northern,F4-34
801,7/20/16,1.8288,21.4724,-157.83638,13:14,21,Fringe,Slope,Northern,F5-34
802,7/20/16,3.6576,21.47239,-157.83635,13:15,22,Fringe,Slope,Northern,F5-34
803,7/20/16,3.3528,21.47238,-157.83633,13:16,23,Fringe,Slope,Northern,F5-34
804,7/20/16,3.9624,21.47237,-157.83633,13:17,24,Fringe,Slope,Northern,F5-34
805,7/20/16,2.1336,21.47235,-157.83636,13:18,25,Fringe,Slope,Northern,F5-34
806,7/20/16,4.2672,21.47234,-157.83633,13:20,26,Fringe,Slope,Northern,F5-34
807,7/20/16,2.7432,21.47233,-157.83635,13:21,27,Fringe,Slope,Northern,F5-34
808,7/20/16,4.572,21.47231,-157.83633,13:22,28,Fringe,Slope,Northern,F5-34
809,7/20/16,2.4384,21.4723,-157.83633,13:22,29,Fringe,Slope,Northern,F5-34
810,7/20/16,3.9624,21.47231,-157.83632,13:23,30,Fringe,Slope,Northern,F5-34
811,7/20/16,1.524,21.47235,-157.83653,13:29,31,Fringe,Top,Northern,F5-34
812,7/20/16,1.2192,21.47235,-157.83655,13:30,32,Fringe,Top,Northern,F5-34
813,7/20/16,1.2192,21.47236,-157.83653,13:33,33,Fringe,Top,Northern,F5-34
814,7/20/16,1.2192,21.4724,-157.83653,13:34,34,Fringe,Top,Northern,F5-34
815,7/20/16,1.2192,21.47242,-157.83653,13:34,35,Fringe,Top,Northern,F5-34
816,7/20/16,1.2192,21.47244,-157.83655,13:35,36,Fringe,Top,Northern,F5-34
817,7/20/16,0.9144,21.47243,-157.83656,13:36,37,Fringe,Top,Northern,F5-34
818,7/20/16,1.2192,21.47243,-157.83658,13:38,38,Fringe,Top,Northern,F5-34
819,7/20/16,1.2192,21.47243,-157.83658,13:38,39,Fringe,Top,Northern,F5-34
820,7/20/16,1.2192,21.47244,-157.83662,13:40,40,Fringe,Top,Northern,F5-34
821,7/20/16,1.2192,21.42669,-157.79813,14:36,41,Fringe,Slope,Southern,F6-Lilipuna
822,7/20/16,3.048,21.4267,-157.79012,14:37,42,Fringe,Slope,Southern,F6-Lilipuna
823,7/20/16,4.8768,21.42673,-157.7901,14:39,43,Fringe,Slope,Southern,F6-Lilipuna
824,7/20/16,2.4384,21.42672,-157.79012,14:39,44,Fringe,Slope,Southern,F6-Lilipuna
825,7/20/16,3.9624,21.42673,-157.79013,14:40,45,Fringe,Slope,Southern,F6-Lilipuna
826,7/20/16,5.7912,21.42675,-157.79015,14:41,46,Fringe,Slope,Southern,F6-Lilipuna
827,7/20/16,3.048,21.42677,-157.79013,14:43,47,Fringe,Slope,Southern,F6-Lilipuna
828,7/20/16,4.2672,21.42678,-157.79012,14:43,48,Fringe,Slope,Southern,F6-Lilipuna
829,7/20/16,2.4384,21.4268,-157.79013,14:44,49,Fringe,Slope,Southern,F6-Lilipuna
830,7/20/16,4.2672,21.42682,-157.79012,14:45,50,Fringe,Slope,Southern,F6-Lilipuna
831,7/20/16,0.9144,21.42681,-157.79025,14:52,51,Fringe,Top,Southern,F6-Lilipuna
832,7/20/16,0.9144,21.42683,-157.79027,14:53,52,Fringe,Top,Southern,F6-Lilipuna
833,7/20/16,0.9144,21.42684,-157.7903,14:55,53,Fringe,Top,Southern,F6-Lilipuna
834,7/20/16,0.9144,21.42682,-157.79031,14:56,54,Fringe,Top,Southern,F6-Lilipuna
835,7/20/16,0.9144,21.4268,-157.79034,14:57,55,Fringe,Top,Southern,F6-Lilipuna
836,7/20/16,0.9144,21.42679,-157.79034,14:57,56,Fringe,Top,Southern,F6-Lilipuna
837,7/20/16,0.9144,21.42677,-157.79037,14:58,57,Fringe,Top,Southern,F6-Lilipuna
838,7/20/16,0.9144,21.42676,-157.79031,14:58,58,Fringe,Top,Southern,F6-Lilipuna
839,7/20/16,0.9144,21.4268,-157.79027,15:00,59,Fringe,Top,Southern,F6-Lilipuna
840,7/20/16,0.9144,21.42681,-157.79025,15:01,60,Fringe,Top,Southern,F6-Lilipuna
841,7/29/16,1.8288,21.44859,-157.81177,9:54,61,Fringe,Slope,Central,F7-18
842,7/29/16,4.8768,21.4486,-157.81172,9:55,62,Fringe,Slope,Central,F7-18
843,7/29/16,3.9624,21.44865,-157.81175,9:57,63,Fringe,Slope,Central,F7-18
844,7/29/16,2.7432,21.44867,-157.81175,9:58,64,Fringe,Slope,Central,F7-18
845,7/29/16,3.048,21.44868,-157.81175,9:59,65,Fringe,Slope,Central,F7-18
846,7/29/16,5.4864,21.44869,-157.81174,10:00,66,Fringe,Slope,Central,F7-18
847,7/29/16,4.2672,21.44869,-157.81175,10:01,67,Fringe,Slope,Central,F7-18
848,7/29/16,5.1816,21.44874,-157.81172,10:02,68,Fringe,Slope,Central,F7-18
849,7/29/16,3.3528,21.44874,-157.81174,10:02,69,Fringe,Slope,Central,F7-18
850,7/29/16,5.4864,21.44974,-157.81172,10:03,70,Fringe,Slope,Central,F7-18
851,7/29/16,0.3048,21.44863,-157.81189,10:11,72,Fringe,Top,Central,F7-18
852,7/29/16,0.39624,21.44864,-157.81192,10:13,71,Fringe,Top,Central,F7-18
853,7/29/16,0.3048,21.44866,-157.81195,10:14,73,Fringe,Top,Central,F7-18
854,7/29/16,0.3048,21.44865,-157.81197,10:14,74,Fringe,Top,Central,F7-18
855,7/29/16,0.3048,21.44866,-157.81198,10:15,75,Fringe,Top,Central,F7-18
856,7/29/16,0.3048,21.4486,-157.812,10:15,76,Fringe,Top,Central,F7-18
857,7/29/16,0.3048,21.44858,-157.81198,10:16,77,Fringe,Top,Central,F7-18
858,7/29/16,0.2286,21.44859,-157.81198,10:16,78,Fringe,Top,Central,F7-18
859,7/29/16,0.1524,21.44858,-157.81197,10:17,79,Fringe,Top,Central,F7-18
860,7/29/16,0.42672,21.44858,-157.81195,10:18,80,Fringe,Top,Central,F7-18
861,7/29/16,1.524,21.44459,-157.806,10:43,81,Fringe,Slope,Southern,F8-10
862,7/29/16,4.572,21.44459,-157.80598,10:44,82,Fringe,Slope,Southern,F8-10
863,7/29/16,3.3528,21.44461,-157.80598,10:45,83,Fringe,Slope,Southern,F8-10
864,7/29/16,5.4864,21.44463,-157.80598,10:45,84,Fringe,Slope,Southern,F8-10
865,7/29/16,3.3528,21.44464,-157.806,10:46,85,Fringe,Slope,Southern,F8-10
866,7/29/16,2.7432,21.44465,-157.80602,10:47,86,Fringe,Slope,Southern,F8-10
867,7/29/16,6.096,21.44466,-157.806,10:47,87,Fringe,Slope,Southern,F8-10
868,7/29/16,3.048,21.44468,-157.80602,10:48,88,Fringe,Slope,Southern,F8-10
869,7/29/16,4.2672,21.4447,-157.80598,10:50,89,Fringe,Slope,Southern,F8-10
870,7/29/16,3.6576,21.44471,-157.80598,10:51,90,Fringe,Slope,Southern,F8-10
871,7/29/16,0.3048,21.44464,-157.80609,10:56,91,Fringe,Top,Southern,F8-10
872,7/29/16,0.3048,21.44464,-157.80612,10:57,92,Fringe,Top,Southern,F8-10
873,7/29/16,0.3048,21.44464,-157.80612,10:57,93,Fringe,Top,Southern,F8-10
874,7/29/16,0.3048,21.44464,-157.80618,10:58,94,Fringe,Top,Southern,F8-10
875,7/29/16,0.3048,21.44464,-157.80623,10:59,95,Fringe,Top,Southern,F8-10
876,7/29/16,0.3048,21.44462,-157.80624,10:59,96,Fringe,Top,Southern,F8-10
877,7/29/16,0.1524,21.44462,-157.80623,11:00,97,Fringe,Top,Southern,F8-10
878,7/29/16,0.3048,21.44461,-157.80621,11:01,98,Fringe,Top,Southern,F8-10
879,7/29/16,0.3048,21.4446,-157.8062,11:03,99,Fringe,Top,Southern,F8-10
880,7/29/16,0.09144,21.4446,-157.80617,11:03,100,Fringe,Top,Southern,F8-10
881,7/29/16,1.8288,21.43446,-157.80298,11:33,101,Fringe,Slope,Southern,F9-5
882,7/29/16,3.3528,21.43445,-157.80296,11:34,102,Fringe,Slope,Southern,F9-5
883,7/29/16,4.572,21.43445,-157.80296,11:35,103,Fringe,Slope,Southern,F9-5
884,7/29/16,3.048,21.43446,-157.80295,11:35,104,Fringe,Slope,Southern,F9-5
885,7/29/16,5.4864,21.43446,-157.80295,11:36,105,Fringe,Slope,Southern,F9-5
886,7/29/16,3.6576,21.43447,-157.80295,11:36,106,Fringe,Slope,Southern,F9-5
887,7/29/16,3.3528,21.4345,-157.80295,11:37,107,Fringe,Slope,Southern,F9-5
888,7/29/16,4.8768,21.4345,-157.80295,11:38,108,Fringe,Slope,Southern,F9-5
889,7/29/16,4.572,21.43453,-157.80293,11:39,109,Fringe,Slope,Southern,F9-5
890,7/29/16,6.7056,21.43455,-157.80293,11:39,110,Fringe,Slope,Southern,F9-5
891,7/29/16,0.3048,21.43449,-157.80304,11:48,111,Fringe,Top,Southern,F9-5
892,7/29/16,0.6096,21.4345,-157.80305,11:49,112,Fringe,Top,Southern,F9-5
893,7/29/16,0.67056,21.43452,-157.80309,11:49,113,Fringe,Top,Southern,F9-5
894,7/29/16,0.70104,21.43453,-157.80309,11:50,114,Fringe,Top,Southern,F9-5
895,7/29/16,0.70104,21.43455,-157.8031,11:50,115,Fringe,Top,Southern,F9-5
896,7/29/16,0.48768,21.43454,-157.80313,11:51,116,Fringe,Top,Southern,F9-5
897,7/29/16,0.79248,21.43453,-157.80313,11:51,117,Fringe,Top,Southern,F9-5
898,7/29/16,0.3048,21.43452,-157.80313,11:52,118,Fringe,Top,Southern,F9-5
899,7/29/16,0.39624,21.4345,-157.80312,11:53,119,Fringe,Top,Southern,F9-5
900,7/29/16,0.3048,21.4345,-157.8031,11:55,120,Fringe,Top,Southern,F9-5
901,8/3/16,2.1336,21.43687,-157.78723,12:48,126,Patch,Slope,Southern,HIMB
902,8/3/16,3.3528,21.43688,-157.7872,12:49,127,Patch,Slope,Southern,HIMB
903,8/3/16,3.6576,21.43689,-157.78723,12:50,128,Patch,Slope,Southern,HIMB
904,8/3/16,4.8768,21.43691,-157.78725,12:51,129,Patch,Slope,Southern,HIMB
905,8/3/16,3.3528,21.43691,-157.78725,12:53,130,Patch,Slope,Southern,HIMB
906,8/3/16,3.048,21.43691,-157.78726,12:54,131,Patch,Slope,Southern,HIMB
907,8/3/16,5.7912,21.43692,-157.78726,12:55,132,Patch,Slope,Southern,HIMB
908,8/3/16,3.9624,21.43694,-157.78728,12:57,133,Patch,Slope,Southern,HIMB
909,8/3/16,1.8288,21.43694,-157.78729,12:58,134,Patch,Slope,Southern,HIMB
910,8/3/16,5.1816,21.43696,-157.78729,12:59,135,Patch,Slope,Southern,HIMB
911,8/3/16,0.6096,21.43685,-157.78752,13:14,136,Patch,Top,Southern,HIMB
912,8/3/16,0.6096,21.43687,-157.78757,13:16,137,Patch,Top,Southern,HIMB
913,8/3/16,0.6096,21.43691,-157.7877,13:21,139,Patch,Top,Southern,HIMB
914,8/3/16,0.6096,21.43688,-157.78772,13:19,138,Patch,Top,Southern,HIMB
915,8/3/16,0.6096,21.43687,-157.78793,13:23,140,Patch,Top,Southern,HIMB
916,8/3/16,0.6096,21.43675,-157.7881,13:26,141,Patch,Top,Southern,HIMB
917,8/3/16,0.6096,21.4368,-157.78824,13:28,142,Patch,Top,Southern,HIMB
918,8/3/16,0.9144,21.43607,-157.78821,14:22,153,Patch,Top,Southern,HIMB
919,8/3/16,0.762,21.43619,-157.78798,14:26,154,Patch,Top,Southern,HIMB
920,8/3/16,0.6096,21.43621,-157.78781,14:27,155,Patch,Top,Southern,HIMB
921,8/3/16,1.8288,21.43742,-157.79082,13:45,143,Patch,Slope,Southern,HIMB
922,8/3/16,3.3528,21.43743,-157.79082,13:46,144,Patch,Slope,Southern,HIMB
923,8/3/16,4.2672,21.43742,-157.79082,13:48,145,Patch,Slope,Southern,HIMB
924,8/3/16,4.8768,21.43741,-157.79085,13:49,146,Patch,Slope,Southern,HIMB
925,8/3/16,4.572,21.43741,-157.79085,13:51,147,Patch,Slope,Southern,HIMB
926,8/3/16,3.3528,21.4374,-157.79085,13:51,148,Patch,Slope,Southern,HIMB
927,8/3/16,5.7912,21.43739,-157.79086,13:54,149,Patch,Slope,Southern,HIMB
928,8/3/16,3.048,21.43736,-157.79088,13:56,150,Patch,Slope,Southern,HIMB
929,8/3/16,2.4384,21.43735,-157.79089,13:58,151,Patch,Slope,Southern,HIMB
930,8/3/16,2.4384,21.43735,-157.790898,13:59,152,Patch,Slope,Southern,HIMB
931,8/12/16,3.6576,21.43017,-157.78523,9:27,104,Patch,Top,Southern,Deep
932,8/12/16,3.9624,21.43015,-157.78517,9:28,105,Patch,Top,Southern,Deep
933,8/12/16,3.6576,21.43012,-157.78517,9:31,106,Patch,Top,Southern,Deep
934,8/12/16,3.9624,21.43006,-157.78516,9:33,107,Patch,Top,Southern,Deep
935,8/12/16,3.3528,21.42996,-157.7852,9:35,108,Patch,Top,Southern,Deep
936,8/12/16,3.3528,21.42993,-157.7852,9:37,109,Patch,Top,Southern,Deep
937,8/12/16,3.3528,21.42987,-157.78523,9:39,110,Patch,Top,Southern,Deep
938,8/12/16,3.6576,21.42985,-157.78525,9:41,111,Patch,Top,Southern,Deep
939,8/12/16,3.9624,21.4298,-157.7852,9:43,113,Patch,Top,Southern,Deep
940,8/12/16,3.048,21.42975,-157.78519,9:45,114,Patch,Top,Southern,Deep
941,8/12/16,3.048,21.42968,-157.78525,9:48,115,Patch,Top,Southern,Deep
942,8/12/16,3.048,21.42971,-157.78526,9:50,116,Patch,Top,Southern,Deep
943,8/12/16,3.3528,21.4297,-157.78532,9:51,117,Patch,Top,Southern,Deep
944,8/12/16,3.3528,21.4297,-157.78535,9:53,118,Patch,Top,Southern,Deep
945,8/12/16,3.3528,21.42966,-157.78539,9:56,119,Patch,Top,Southern,Deep
946,8/12/16,2.4384,21.42965,-157.78542,9:58,120,Patch,Top,Southern,Deep
947,8/12/16,3.048,21.42963,-157.78548,10:00,121,Patch,Top,Southern,Deep
948,8/12/16,3.048,21.42962,-157.78551,10:02,122,Patch,Top,Southern,Deep
949,8/12/16,6.7056,21.42958,-157.78555,10:04,123,Patch,Slope,Southern,Deep
950,8/12/16,10.3632,21.42957,-157.78558,10:07,124,Patch,Slope,Southern,Deep
951,8/12/16,8.8392,21.4296,-157.7856,10:09,125,Patch,Slope,Southern,Deep
952,8/12/16,8.8392,21.42963,-157.78561,10:11,126,Patch,Slope,Southern,Deep
953,8/12/16,10.3632,21.42964,-157.78564,10:13,127,Patch,Slope,Southern,Deep
954,8/12/16,9.4488,21.42967,-157.78566,10:15,128,Patch,Slope,Southern,Deep
955,8/12/16,10.0584,21.42969,-157.78566,10:16,129,Patch,Slope,Southern,Deep
956,8/12/16,9.144,21.42975,-157.78569,10:19,130,Patch,Slope,Southern,Deep
957,8/12/16,7.9248,21.42982,-157.78569,10:21,131,Patch,Slope,Southern,Deep
958,8/12/16,6.7056,21.42986,-157.78568,10:22,132,Patch,Slope,Southern,Deep
959,8/12/16,6.4008,21.42991,-157.78571,10:24,133,Patch,Slope,Southern,Deep
1001,8/9/16,9.144,21.47636,-157.82541,9:36,27,Patch,Slope,Northern,42
1002,8/9/16,8.5344,21.47639,-157.82539,9:38,28,Patch,Slope,Northern,42
1003,8/9/16,8.5344,21.4764,-157.82532,9:40,29,Patch,Slope,Northern,42
1004,8/9/16,7.9248,21.47652,-157.8251,9:42,31,Patch,Slope,Northern,42
1005,8/9/16,9.4488,21.47654,-157.82506,9:44,32,Patch,Slope,Northern,42
1006,8/9/16,7.0104,21.47812,-157.83482,9:56,33,Patch,Slope,Northern,38
1007,8/9/16,7.62,21.47816,-157.83476,9:58,34,Patch,Slope,Northern,38
1008,8/9/16,7.9248,21.47816,-157.8347,9:59,35,Patch,Slope,Northern,38
1009,8/9/16,7.9248,21.47825,-157.83463,10:01,36,Patch,Slope,Northern,38
1010,8/9/16,6.4008,21.4784,-157.83453,10:04,37,Patch,Slope,Northern,38
1011,8/9/16,6.4008,21.47908,-157.83617,10:10,38,Fringe,Slope,Northern,F4-34
1012,8/9/16,7.0104,21.47912,-157.83621,10:11,39,Fringe,Slope,Northern,F4-34
1013,8/9/16,7.0104,21.47915,-157.83621,10:13,40,Fringe,Slope,Northern,F4-34
1014,8/9/16,6.096,21.47919,-157.83623,10:14,41,Fringe,Slope,Northern,F4-34
1015,8/9/16,7.0104,21.47922,-157.83614,10:16,43,Fringe,Slope,Northern,F4-34
1016,8/9/16,7.62,21.46404,-157.8291,10:26,44,Fringe,Slope,Central,F2-25
1017,8/9/16,8.2296,21.46397,-157.82906,10:28,45,Fringe,Slope,Central,F2-25
1018,8/9/16,7.3152,21.4639,-157.82899,10:30,46,Fringe,Slope,Central,F2-25
1019,8/9/16,8.8392,21.46384,-157.82898,10:31,47,Fringe,Slope,Central,F2-25
1020,8/9/16,8.2296,21.46376,-157.82892,10:33,48,Fringe,Slope,Central,F2-25
1021,8/9/16,10.3632,21.46,-157.82195,10:41,49,Patch,Slope,Central,25
1022,8/9/16,8.8392,21.45989,-157.82202,10:43,50,Patch,Slope,Central,25
1023,8/9/16,8.2296,21.45986,-157.82211,10:45,51,Patch,Slope,Central,25
1024,8/9/16,8.8392,21.45984,-157.82217,10:47,52,Patch,Slope,Central,25
1025,8/9/16,9.4488,21.45979,-157.82224,10:49,53,Patch,Slope,Central,25
1026,8/9/16,8.5344,21.46052,-157.80965,11:12,58,Patch,Slope,Central,20
1027,8/9/16,8.5344,21.46048,-157.80969,11:14,59,Patch,Slope,Central,20
1028,8/9/16,9.144,21.46044,-157.80991,11:16,60,Patch,Slope,Central,20
1029,8/9/16,10.668,21.46043,-157.80997,11:18,61,Patch,Slope,Central,20
1030,8/9/16,12.192,21.46045,-157.81001,11:19,62,Patch,Slope,Central,20
1031,8/9/16,8.8392,21.44549,-157.80322,11:29,63,Patch,Slope,Southern,10
1032,8/9/16,10.0584,21.44549,-157.80318,11:31,64,Patch,Slope,Southern,10
1033,8/9/16,9.144,21.44559,-157.80313,11:33,65,Patch,Slope,Southern,10
1034,8/9/16,8.5344,21.44563,-157.80313,11:34,66,Patch,Slope,Southern,10
1035,8/9/16,7.9248,21.44565,-157.80309,11:36,67,Patch,Slope,Southern,10
1036,8/9/16,8.2296,21.44458,-157.80594,11:45,68,Fringe,Slope,Southern,F8-10
1037,8/9/16,7.9248,21.44448,-157.80591,11:46,69,Fringe,Slope,Southern,F8-10
1038,8/9/16,8.2296,21.4444,-157.80589,11:48,70,Fringe,Slope,Southern,F8-10
1039,8/9/16,7.62,21.44432,-157.80586,11:49,71,Fringe,Slope,Southern,F8-10
1040,8/9/16,7.9248,21.44426,-157.80586,11:51,72,Fringe,Slope,Southern,F8-10
1041,8/9/16,9.144,21.43664,-157.78688,13:41,98,Patch,Slope,Southern,HIMB
1042,8/9/16,7.3152,21.43659,-157.78687,13:46,99,Patch,Slope,Southern,HIMB
1043,8/9/16,7.9248,21.43656,-157.78683,13:48,100,Patch,Slope,Southern,HIMB
1045,8/9/16,8.5344,21.43647,-157.78682,13:53,102,Patch,Slope,Southern,HIMB
1046,8/9/16,8.2296,21.43645,-157.78674,13:54,103,Patch,Slope,Southern,HIMB
1051,8/9/16,7.9248,21.46548,-157.81889,11:00,54,Patch,Slope,Northern,26
1052,8/9/16,10.668,21.46547,-157.81891,11:02,55,Patch,Slope,Northern,26
1053,8/9/16,11.5824,21.46541,-157.81895,11:03,57,Patch,Slope,Northern,26