sample,analysis_type_uid,PC1,PC2,PC3,PC4,PC5,PC6,PC7,PC8,PC9,PC10,PC11,PC12,PC13,PC14,PC15,PC16,PC17,PC18,PC19,PC20,PC21,PC22,PC23,PC24,PC25,PC26,PC27,PC28,PC29,PC30,PC31,PC32,PC33,PC34,PC35,PC36,PC37,PC38,PC39,PC40,PC41,PC42,PC43,PC44,PC45,PC46,PC47,PC48,PC49,PC50,PC51,PC52,PC53,PC54,PC55,PC56,PC57,PC58,PC59,PC60,PC61,PC62,PC63
C3/C3dc,492632,-0.833047788024917,0.5633539407006894,-0.02897096949140203,0.09728110916043371,-2.1161697621658042e-05,-0.026678297888067384,-0.025314354853122892,0.008571589367521896,0.02047358004425572,0.010875106310220546,-0.021296776003956044,-0.019454319370414915,0.04712094261072125,-0.04812183875777066,-0.03312554718380345,0.050101130818758985,0.042849168979045595,0.005108011667949757,-0.006483044790940182,0.00552906145573451,0.007073677389341982,0.008519353177229733,-0.010057575068876693,0.007082456996736816,-0.006120177208287169,-0.002104090213859304,-0.0011331563088565035,-0.0020803728266786583,0.00315125638199329,2.5601379209407674e-05,0.0,-0.0,-0.0,0.0,0.0,0.0,0.0,0.0,0.0,0.0,0.0,0.0,0.0,0.0,0.0,0.0,0.0,0.0,0.0,0.0,0.0,0.0,0.0,0.0,0.0,0.0,0.0,0.0,0.0,0.0,0.0,0.0,0.0
C1b/C3,493145,-0.601595003447124,0.3508285118995964,-0.061158680235327494,0.035934873677153464,-1.83255979836068e-05,-0.0003638320853104563,0.015058957433720247,0.028598082005297284,0.0024829481219519963,-0.009552550383915578,0.03445079326721336,-0.02124372220871027,-0.026624313446320144,-0.00010400207065053846,-0.009339387074868533,-0.009353588114729819,0.0021400392105654733,-0.009181897520866285,0.00013476339994739387,0.004248959909862261,0.014094191522355819,0.0021274996311088346,-0.003920687352266945,-0.00986446252333827,0.011792669936551477,-0.00021074756780679863,0.013108750749442327,0.015278903519492334,0.0005101753093401034,0.00014451615550690523,-0.0,-0.0,0.0,0.0,0.0,0.0,0.0,0.0,0.0,0.0,0.0,0.0,0.0,0.0,0.0,0.0,0.0,0.0,0.0,0.0,0.0,0.0,0.0,0.0,0.0,0.0,0.0,0.0,0.0,0.0,0.0,0.0,0.0
C3/C115d,492123,-0.8825646450727442,0.605876113945084,-0.013765975195811676,0.09971821243105666,-1.4628253572920958e-05,-0.02563021552335054,-0.019087402043339814,-0.01551798007539522,0.014951111353031303,-0.013925115844250031,-0.01642355734653564,0.06574238051038268,-0.014651126873804316,0.05388002650752955,0.04133237102418992,-0.04037320220112346,-0.03774669460978282,0.005941236309122745,0.0013496757116833315,-0.0050049302576137,-0.007315597974130581,-0.004038355192885393,0.007055541962899086,-0.0014869082621025167,0.0004943124230218794,0.00030958198358985574,-0.0005939928187149318,-0.0004897626214545827,-0.00021901418883099822,2.592110506601295e-07,0.0,-0.0,-0.0,0.0,0.0,0.0,0.0,0.0,0.0,0.0,0.0,0.0,0.0,0.0,0.0,0.0,0.0,0.0,0.0,0.0,0.0,0.0,0.0,0.0,0.0,0.0,0.0,0.0,0.0,0.0,0.0,0.0,0.0
C1d/C1-C42.2-C3-C1b-C3cg,491768,0.10185419227835685,0.13164435455701906,0.06309775630501825,-0.020218948558733133,2.039522608323576e-05,0.007040770956738252,0.023275108477465948,0.036322287472383544,0.08494077000897321,-0.008948215503828719,0.028745973390013006,0.02440213095313885,0.004360132250698767,-0.012516056620437014,-0.0022747255173476027,-0.005167819703770825,0.008027976657579703,-0.010576262876223905,0.0009209336351851598,0.014448776967376634,-0.006151378432129888,-0.022613507268635556,0.003693070426319789,-0.00023864074164671375,-0.0012646480699391805,0.0018753081851418654,0.00398235517875651,0.005136252264784312,-9.55628344211422e-05,-0.00010923745493438354,-0.0,-0.0,-0.0,0.0,0.0,0.0,0.0,0.0,0.0,0.0,0.0,0.0,0.0,0.0,0.0,0.0,0.0,0.0,0.0,0.0,0.0,0.0,0.0,0.0,0.0,0.0,0.0,0.0,0.0,0.0,0.0,0.0,0.0
C42a/C42.2/C1/C42b-C1b-C1az-C1au-C3,491771,-0.4004039059383366,-0.29931738343152786,0.1173102201000329,-0.07749612366709278,4.793217793221409e-05,0.04210516162336925,0.11300573592404084,-0.0011124410929030716,0.024959260893478163,-0.05302709673347241,0.016144851897077452,-0.02921134566097091,0.03576057873589047,0.0021358668835548336,-0.019199140969893082,-0.006621510315848121,0.016456227625722863,0.008350562463796765,0.029910789037592974,-0.015061351340701318,0.009139747661861175,0.0042571529638324515,0.004423144422858697,-0.009981707236311423,-0.0007795877873667978,0.00045688647857996254,0.001519893135443502,-0.0008554241064733831,7.113221337274697e-05,2.7991303960255115e-05,-0.0,-0.0,-0.0,0.0,0.0,0.0,0.0,0.0,0.0,0.0,0.0,0.0,0.0,0.0,0.0,0.0,0.0,0.0,0.0,0.0,0.0,0.0,0.0,0.0,0.0,0.0,0.0,0.0,0.0,0.0,0.0,0.0,0.0
C42a/C1/C42.2-C1b-C1au-C3-C115k,492288,-0.40361746360223605,-0.17646464780747398,0.09727138931103174,-0.08277456451065436,3.215859452358063e-05,0.0353992828842146,-0.020870217542841733,-0.009701371713243258,-0.030748318855734633,-0.012035983151888889,0.001368165733047986,-0.0447936820033743,-0.0002945918759139154,0.0034370771553207517,-0.003342561987625247,0.029141591418665663,-0.031050308275981844,-0.0005471948481471113,-0.03140252572000869,0.015154641902466615,0.020743489607062317,0.0009075529238036555,0.017670275212543395,-0.0033982619926010297,0.0010794270223364573,-0.00018034736875578822,-0.004129224509563904,0.00124873417653146,-0.00047870509918166896,-0.00016162009262315807,-0.0,-0.0,0.0,0.0,0.0,0.0,0.0,0.0,0.0,0.0,0.0,0.0,0.0,0.0,0.0,0.0,0.0,0.0,0.0,0.0,0.0,0.0,0.0,0.0,0.0,0.0,0.0,0.0,0.0,0.0,0.0,0.0,0.0
C1/C3/C42.2,492292,-0.4898426318303387,0.2464175496193164,-0.0663068686127542,-0.0028528139766043985,-1.211405900452561e-05,0.006831704146018266,0.018190328310543687,0.07939399678058515,0.03132654714958266,-0.02036974996314377,0.0908047177620157,-0.0184979433160534,-0.0532621419410409,-0.010170253825648389,-0.013825724992541848,0.004644774850042141,-0.024568121574749732,-0.004082902231991266,0.007765729052812884,-0.004820152063345245,-0.011862905410067796,-0.002237579841758336,-0.010684617962466472,0.011801378823496493,-0.011467663921062769,0.0018242879155521562,-0.00852063236279787,-0.011105146439799743,0.0018061135369823627,-8.539837312619228e-07,0.0,-0.0,-0.0,0.0,0.0,0.0,0.0,0.0,0.0,0.0,0.0,0.0,0.0,0.0,0.0,0.0,0.0,0.0,0.0,0.0,0.0,0.0,0.0,0.0,0.0,0.0,0.0,0.0,0.0,0.0,0.0,0.0,0.0
C3,493380,-0.7742846110522993,0.5108307706491807,-0.037687766779757145,0.08558603982462733,-2.1201597890888555e-05,-0.021391492102997154,-0.017181706014037196,0.011564991023770555,0.018786149573797886,0.002224854079707199,-0.01168100104418408,0.0009843785786450053,0.021390235511335075,-0.007786755570627543,-0.0011194436075170956,0.004389530406295848,-0.0018108748585537405,0.00733609727570983,-0.002477364922494519,-0.004292396675326802,-0.008015845228747213,-0.004318337791432097,0.014835946225441219,-0.003863953792386994,0.0009707748172299616,5.5652244490090494e-06,-0.004300980704143722,-0.004112294228173417,-0.004457475325794186,-0.000165511084961564,-0.0,-0.0,0.0,0.0,0.0,0.0,0.0,0.0,0.0,0.0,0.0,0.0,0.0,0.0,0.0,0.0,0.0,0.0,0.0,0.0,0.0,0.0,0.0,0.0,0.0,0.0,0.0,0.0,0.0,0.0,0.0,0.0,0.0
C1d/C1/C42.2/C3-C1b-C3cg-C45c-C115k-C1au-C41p,491849,-0.14611042412321226,0.18955680237720413,0.12625885630160932,-0.1451548847041153,6.085010727323371e-05,0.02815578759533001,-0.12806317769828068,0.05306598742740886,-0.07923700099499066,-0.01798722562746696,0.0019305576955573945,-0.03933909199099999,-0.012164706522859337,0.011992907085145185,-0.01899936218337838,-0.016459162636421935,0.006091523981505769,-0.013430663804607447,0.0018901607000391346,0.006886858375149955,0.004388766645457596,-0.017990079833003443,-0.007179961875743877,-0.0023880570087460177,0.004387097309552011,0.005601960307009767,-0.002855220096569079,0.00336005241362334,-0.0010465364148735583,0.0001305296581725157,0.0,-0.0,-0.0,0.0,0.0,0.0,0.0,0.0,0.0,0.0,0.0,0.0,0.0,0.0,0.0,0.0,0.0,0.0,0.0,0.0,0.0,0.0,0.0,0.0,0.0,0.0,0.0,0.0,0.0,0.0,0.0,0.0,0.0
C42a/C42.2/C3-C1-C1b-C1au,491869,-0.46275241390572,-0.05331799170176316,0.0872208662509847,-0.04108115003981939,6.534085371990844e-06,0.005861191273369115,-0.09103574711006182,0.04798296360349533,0.06130687651788252,0.05687497336690152,0.051091488481460605,0.0447633149447416,-0.002307492167810868,-0.021742237461671757,-0.013265432972674558,-0.0038873297085285103,0.006549618546957722,0.00756375280136222,0.00677853541528591,0.008955321774528534,0.005501306453121268,-0.004440294953266509,-0.001070205910998642,-0.005231468861085959,0.005740820579782143,0.0018710596239388017,0.0010896355470146786,0.003512239863190467,-0.0017316955302417727,4.879042851353059e-06,-0.0,-0.0,0.0,0.0,0.0,0.0,0.0,0.0,0.0,0.0,0.0,0.0,0.0,0.0,0.0,0.0,0.0,0.0,0.0,0.0,0.0,0.0,0.0,0.0,0.0,0.0,0.0,0.0,0.0,0.0,0.0,0.0,0.0
C42a/C42.2/C1/C1b-C1j-C1au-C3,491880,-0.3830085652104956,-0.19941221107744492,0.06420865562630365,-0.0428613579271113,1.5946812995678248e-05,0.0305329602318969,0.01795465707101362,-0.04180357094726677,-0.008997308691168741,0.0015658428200500387,0.010544732476872157,-0.0069458149969035335,-0.015751181442304835,-0.0306902132081135,0.018637445696256034,0.04160161886389246,0.0020715556924270273,0.01292478287159199,-0.01185945395903167,-0.023366913511137198,-0.03543485565666252,-0.013813174485802139,0.005834500626908831,0.001664434739474019,0.005754731109189388,-0.0010085036653296262,0.003358930072951273,0.0023949264971566023,-0.003270515707797935,3.802395559961757e-05,0.0,-0.0,-0.0,0.0,0.0,0.0,0.0,0.0,0.0,0.0,0.0,0.0,0.0,0.0,0.0,0.0,0.0,0.0,0.0,0.0,0.0,0.0,0.0,0.0,0.0,0.0,0.0,0.0,0.0,0.0,0.0,0.0,0.0
C42a/C1/C42.2/C1b/C1j-C1au-C3-C115l,492460,-0.44169080422775314,-0.09359952715359181,0.08960579900164814,-0.09293811822361449,2.8786113298879263e-05,0.041354759436417365,-0.055180105840375526,-0.026784415613107914,-0.06162540195811182,0.11712702198065235,0.018402083428288807,-0.05857040909483199,0.006011050644324236,0.00426535975519167,-0.004044110561676886,-0.041865632136068996,0.007458620562990416,-0.015360349956919213,0.005249110449238235,-0.011315548634060597,-0.012228618838910698,0.008449483617387914,-0.0027446796698951514,0.004554122871034167,-0.001214859485148296,0.0028733183321840816,0.0006204986561130545,-0.004188319789347998,0.0020624450077064947,0.00015138861277647422,0.0,-0.0,-0.0,0.0,0.0,0.0,0.0,0.0,0.0,0.0,0.0,0.0,0.0,0.0,0.0,0.0,0.0,0.0,0.0,0.0,0.0,0.0,0.0,0.0,0.0,0.0,0.0,0.0,0.0,0.0,0.0,0.0,0.0
C1d/C1/C42.2-C1b-C3-C3cg-C45c,492017,-0.09197333388318651,0.16049965119431886,0.08144124052936652,-0.08375374900870912,2.6070111584339607e-05,0.018502258527214745,-0.085805122040761,0.01716339110464189,-0.03968695223220574,-0.04027953040045697,-0.01605651016459453,0.05151775112209514,-0.03233061425015942,-0.01597199009850523,0.010299921224032919,0.01599565437224751,0.02246324084070057,-0.003854117434066472,0.011184428539234563,-0.0022428568078456733,0.0029272723515944535,0.014233067443143652,0.0016903502789626349,0.002706480243320018,-0.007499008555058818,-0.008558430806424617,0.006911993157674721,-0.005118797297579325,0.001021827120723161,-0.0002923567697587647,-0.0,-0.0,0.0,0.0,0.0,0.0,0.0,0.0,0.0,0.0,0.0,0.0,0.0,0.0,0.0,0.0,0.0,0.0,0.0,0.0,0.0,0.0,0.0,0.0,0.0,0.0,0.0,0.0,0.0,0.0,0.0,0.0,0.0
C1d-C42.2-C1-C3cg-C1b,491691,0.3249816830174913,0.053405868379917606,-0.027748335866033015,0.03727404710766167,3.4159208457155986e-05,0.027651411990959857,0.01872629914787039,0.018563392044914737,-0.03299142871369626,0.0011346469602134656,0.03756795880953486,0.0178501076527286,0.015949385938870703,-0.02310063265274078,-0.004387742078676883,-0.002579788993007751,-0.013010576139624905,-0.005570632003882634,0.0036286164171542776,-0.01361421107903064,-0.000712815965218814,0.0006484970419073161,0.008967229250573003,0.004001372017160284,0.014893176939718129,-0.0015739667082972741,-0.0023423479475181306,0.00042074281045534725,0.0024495512654623955,-0.00043298516872055054,0.0,-0.0,-0.0,0.0,0.0,0.0,0.0,0.0,0.0,0.0,0.0,0.0,0.0,0.0,0.0,0.0,0.0,0.0,0.0,0.0,0.0,0.0,0.0,0.0,0.0,0.0,0.0,0.0,0.0,0.0,0.0,0.0,0.0
C1d/C42.2/C1-C1b-C3cg-C45c-C115k-C1au,491719,0.07560404012179422,0.11865889902901225,0.10177725877302249,-0.09289308056810947,4.976106062737999e-05,0.028527329928751052,0.026879818469529408,0.004571122500639417,-0.00026724390971431485,-0.01729100659296523,-0.004227455084796654,-0.052305609181211146,0.031594882176920774,0.025322322382873925,-0.006853345900893668,-0.016013617151023934,-0.0008239922590330974,0.006397070003246576,-0.005707460118540582,-0.0027673791002686588,-0.00302096332388003,-0.008757539724779757,0.0016901813222085012,0.004251427263537993,-0.003725172206291827,-0.01231437347202977,0.00395948089939545,-0.009094749383414364,-0.0003712646545948727,-0.0003710388790288043,-0.0,-0.0,0.0,0.0,0.0,0.0,0.0,0.0,0.0,0.0,0.0,0.0,0.0,0.0,0.0,0.0,0.0,0.0,0.0,0.0,0.0,0.0,0.0,0.0,0.0,0.0,0.0,0.0,0.0,0.0,0.0,0.0,0.0
C1d-C42.2-C1-C3cg-C1b-C45c-C115k,491720,0.27295031049895657,0.0618646483035928,0.008096155785365223,0.01637988381671847,3.1229574396136614e-05,0.011841048293958226,0.030704951250170618,0.05476436763031369,-0.05024821832939509,0.02334008563419563,-0.0101579358363877,-0.01776215844960381,-0.0019691047840361326,0.006244369373267301,-0.011273165723377915,-0.004483111044972756,-0.01316823632546614,0.01215667420040141,-0.0039037862610627337,0.01905091105301895,-0.005014372158087314,-0.006713400208813001,0.020616759022784058,0.003384721799371672,-0.01484689359880884,0.012104049942096545,-0.001493790116214197,0.0009981417306352137,-0.0015424635263931565,-0.0003719471338498465,0.0,-0.0,-0.0,0.0,0.0,0.0,0.0,0.0,0.0,0.0,0.0,0.0,0.0,0.0,0.0,0.0,0.0,0.0,0.0,0.0,0.0,0.0,0.0,0.0,0.0,0.0,0.0,0.0,0.0,0.0,0.0,0.0,0.0
C1d/C1-C42.2-C1b,491737,0.05843744081237359,0.0913952551916452,0.025871263694055582,-0.027809942955410956,5.41398087456203e-06,0.03145408261883016,0.04156229300970676,-0.040854307254185054,0.01519897103290056,-0.02087162532048088,-0.04377381818301446,0.0030151708040932613,0.025771392271947323,-0.025011081229288825,-0.005208356259800957,-0.018798929239954573,-0.007710546120908471,-0.014264107178177077,0.026282138673457363,0.005422225756831959,-0.0029426799368986924,-0.00020438473567143195,0.002809029883095811,0.003523206451247746,-0.009265131709462675,0.005167518003801381,0.0014939013314450933,-0.0008578875276093919,-0.000836810601143411,-0.00015958677204848607,-0.0,-0.0,0.0,0.0,0.0,0.0,0.0,0.0,0.0,0.0,0.0,0.0,0.0,0.0,0.0,0.0,0.0,0.0,0.0,0.0,0.0,0.0,0.0,0.0,0.0,0.0,0.0,0.0,0.0,0.0,0.0,0.0,0.0
C1d/C1-C42.2-C1b-C3cg-C1au,491763,0.059712898142418765,0.10736915389489429,0.07299592084415632,-0.06387592885782119,2.8427460705560023e-05,0.029806544096570648,0.0429781147669456,-0.009680027204840234,0.024463466277687414,-0.02231373962185064,0.017759474844395825,0.005681270326562148,0.01827498066499733,0.0025986006862259462,-0.021678301086914827,-0.018680165925133923,0.02315120719197602,0.02104430119411211,0.008500541392819064,-0.01701671519582807,0.0012286872942260337,0.008219828082346576,0.003966478155151339,-0.013206812374650172,0.014732326888925475,0.009355694577678262,-0.008996980335477212,-0.00013986561256221913,-0.0023712049315505026,0.0001995732513449412,0.0,-0.0,-0.0,0.0,0.0,0.0,0.0,0.0,0.0,0.0,0.0,0.0,0.0,0.0,0.0,0.0,0.0,0.0,0.0,0.0,0.0,0.0,0.0,0.0,0.0,0.0,0.0,0.0,0.0,0.0,0.0,0.0,0.0
C1d-C42.2-C1-C1b-C3cg-C3cw,491765,0.26710161202479255,0.06406360260142516,0.002466993459902115,0.023717571351193005,2.1790283083793833e-05,-8.167362391554733e-05,0.03319240084414973,0.06163660961980415,-0.019410534224195815,0.013622630083103854,0.005778027658361818,0.01388573120693578,-0.009478678887000542,0.020840600255265095,-0.01208541565697937,0.010946399424273856,0.005072925397755616,0.0177559688173091,-0.008165690105122646,0.010686860699353571,-0.012953572001136913,0.029424740361266577,-0.0007471191815473873,-0.004078695741756764,0.004444997170976495,0.013528579846184325,-0.0032665721269126693,0.001193235293944447,0.0019235642624508423,0.0001324329305116043,-0.0,-0.0,0.0,0.0,0.0,0.0,0.0,0.0,0.0,0.0,0.0,0.0,0.0,0.0,0.0,0.0,0.0,0.0,0.0,0.0,0.0,0.0,0.0,0.0,0.0,0.0,0.0,0.0,0.0,0.0,0.0,0.0,0.0
C1d-C42.2-C1-C1b-C3cg-C3cw-C45c,491769,0.22852074756765528,0.06279408846650998,0.008810308968991754,0.012165183048137207,9.053623156086431e-06,-0.012274656942170002,0.03090995730406072,0.07043634799724253,-0.011370169716471154,0.017615177680328865,-0.024053561257584045,0.0011274376231395517,-0.01727203911931639,0.02836843655761929,0.00881032948271686,0.016796022965252472,0.010269457503943341,0.00197225929152599,-0.0026879743540593913,-0.0035551654160216857,0.008440999919589761,0.007983721435616672,-0.005724331263762136,0.0013515192640263212,0.0071628836575431945,-0.01695212014828761,-0.0024054746627948363,-0.0029928750428872657,-0.00493431320200269,-0.00016483802780586717,0.0,-0.0,0.0,0.0,0.0,0.0,0.0,0.0,0.0,0.0,0.0,0.0,0.0,0.0,0.0,0.0,0.0,0.0,0.0,0.0,0.0,0.0,0.0,0.0,0.0,0.0,0.0,0.0,0.0,0.0,0.0,0.0,0.0
C42a/C42.2-C1b-C1-C42b-C1au,491770,-0.343986076702019,-0.2534719217273517,0.026398229497660936,-0.017527688914451618,4.008644816058818e-06,0.019409762702493456,0.05904910716587961,-0.025949561874192627,0.04945581370116741,-0.0213589808010547,-0.01630999192094043,0.0067871380046233,0.03310923047948281,-0.0013999972907456867,-0.018566312731198086,-0.0218871825927277,0.004549664553186954,-0.026060845807780904,-0.007319958018430282,0.023543882387600662,-0.020836598470843504,-0.015943233847207913,-0.01160402184853286,0.007066966777901858,0.0046854704375789025,-0.0009931173612880905,-0.0016138978049267145,0.0016201353020640504,-0.0030516572628540442,-0.00026016621057284295,-0.0,-0.0,0.0,0.0,0.0,0.0,0.0,0.0,0.0,0.0,0.0,0.0,0.0,0.0,0.0,0.0,0.0,0.0,0.0,0.0,0.0,0.0,0.0,0.0,0.0,0.0,0.0,0.0,0.0,0.0,0.0,0.0,0.0
C42a/C42.2-C42ak-C1-C1b-C42al,491781,-0.3354455360249843,-0.4578576141731595,-0.016942733448004996,0.09591517414906049,-7.199635164493455e-06,-0.01655341213616051,0.04557246280235329,0.071272180047808,-0.016658957809889463,0.012672913765389383,-0.05549764359811425,-0.025670366717563575,-0.037991534857939296,-0.022458846412167957,0.031229988922597405,0.01634702809352629,-0.00964831949567706,-0.0021444930652240223,0.021819010944377527,0.022216543375359037,0.0060876657668843676,-0.011077188050650463,-0.0005355347461708054,-0.005023168436144887,0.023430378005782453,0.0040563948666267596,0.001813093558469033,-0.011025163493798177,0.0008605021854558974,9.942003363156908e-06,0.0,-0.0,0.0,0.0,0.0,0.0,0.0,0.0,0.0,0.0,0.0,0.0,0.0,0.0,0.0,0.0,0.0,0.0,0.0,0.0,0.0,0.0,0.0,0.0,0.0,0.0,0.0,0.0,0.0,0.0,0.0,0.0,0.0
C42a/C42.2/C1b,493329,-0.3158464922556735,-0.2606367014087063,-0.018385241995026978,0.02712558997728536,-2.6098029792569243e-05,-0.008902465189153028,0.042533415431948794,0.000615759410460356,0.04214734199673082,0.005517832079580354,-0.016542739207405992,0.021816539347903324,-0.004777689198505786,-0.013012521963202415,0.0007206131975618704,-0.013532636471101896,0.006267445729698994,-0.029383353509435522,-0.024183341893703914,0.0029670213741368598,0.014736623757995948,0.01138871239658816,0.026019625002660147,0.00623602450136657,-0.0047903291949847535,0.005258392450731973,0.0031725327641896296,-0.003159764451982401,0.0034657129009328523,0.0003472510767251269,0.0,-0.0,-0.0,0.0,0.0,0.0,0.0,0.0,0.0,0.0,0.0,0.0,0.0,0.0,0.0,0.0,0.0,0.0,0.0,0.0,0.0,0.0,0.0,0.0,0.0,0.0,0.0,0.0,0.0,0.0,0.0,0.0,0.0
C1d-C42.2-C1-C1k-C1b-C3cg,491811,0.19618305427943206,0.05013118528892316,-0.016933502895799084,0.022316532289308903,-1.5705904543338448e-05,-0.0037934550540629853,0.026018252662510042,0.043886253049982824,-0.007692765677171013,0.014345730237357978,-0.02671099797019785,0.010007747332266123,-0.009150535032743098,0.00037956224624239774,0.007353095049520216,-0.00044116925844472937,0.01116374404246933,0.02962761783260348,-0.012327135658764088,-0.0119834619637269,0.0017651125055632593,-0.026400135211850122,0.005258346410494069,-0.007837503436101581,-0.00019841941103027966,-0.004771033796350667,-0.0016947378681784627,-0.0008631304712317218,0.0090099400867023,0.0003859517445900477,0.0,-0.0,-0.0,0.0,0.0,0.0,0.0,0.0,0.0,0.0,0.0,0.0,0.0,0.0,0.0,0.0,0.0,0.0,0.0,0.0,0.0,0.0,0.0,0.0,0.0,0.0,0.0,0.0,0.0,0.0,0.0,0.0,0.0
C1d/C1-C1mt-C42.2-C3cg-C1b-C3cw,492846,0.24245630920904562,0.09845994609186293,0.0834463145338715,-0.00877933551678032,-7.961015199384021e-05,-0.12289816645890612,0.043081906683839176,0.03539812788775779,0.028446298420135116,0.013291790840114955,-0.019893244471336228,0.0034606109895539408,-0.04331258363732042,0.0017841418296721707,-0.022331869403431494,0.0074515626971484086,-0.005400958967387809,-0.019823567803560475,-0.0043630210251326745,-0.008977093060131575,-0.0010247812746349337,0.013418265776301393,-0.00836502180132902,-0.015163692491569502,0.001410073698299161,-0.0011651136876383236,-0.0008938206272675483,0.0008740895447567484,-0.0014666070995033782,-0.00026209766459130623,-0.0,-0.0,0.0,0.0,0.0,0.0,0.0,0.0,0.0,0.0,0.0,0.0,0.0,0.0,0.0,0.0,0.0,0.0,0.0,0.0,0.0,0.0,0.0,0.0,0.0,0.0,0.0,0.0,0.0,0.0,0.0,0.0,0.0
C42a-C42.2-C1-C42ak-C1b,492847,-0.29811039143782175,-0.48043841793147724,-0.09344741427765946,0.13409902143343738,-1.891721854940028e-05,-0.009956356253405348,-0.032706444862689185,-0.00460657257355699,-0.026866362795990563,-0.008363552871387146,0.0658277569929635,0.02198923718683457,0.048377244636137545,0.018133650316188504,-0.0064464399710499505,0.014470846865942195,-0.021078044969147888,-0.025224636621727095,-0.0045278536954295,-0.019147891902221735,0.007592870568974506,0.0010093275011478344,-0.0024045120532075618,0.0014921158374629109,0.0009289614336329864,0.0008611941558154023,0.0031165703178160265,-0.0011328443095332942,0.0009735694113003555,2.7351633090648115e-05,-0.0,-0.0,0.0,0.0,0.0,0.0,0.0,0.0,0.0,0.0,0.0,0.0,0.0,0.0,0.0,0.0,0.0,0.0,0.0,0.0,0.0,0.0,0.0,0.0,0.0,0.0,0.0,0.0,0.0,0.0,0.0,0.0,0.0
C1d-C1mt-C42.2-C1-C3cg-C1b,492848,0.2430639634994117,0.10461306055000094,0.10721129364901745,-0.02819923439612671,-0.00014056407523818843,-0.15647024232101625,0.06114005533374471,0.01279234789169462,0.02212245752007414,0.0006779926326142798,-0.0013495108829267976,-0.015603114100847517,-0.024664838008648313,-0.015031371886705757,0.028213446123495745,-0.015714016747534046,0.026720437258342097,-0.004597072602164661,-0.003158358582013195,-0.0034747371997337112,0.01938785717320302,-0.010638463492748045,0.0033256916769989547,0.01615983264305346,-0.005476489307700264,0.0058326331209893004,-0.001504763275468516,0.00023877238016820852,0.00025240494752930504,0.00027605239664358407,0.0,-0.0,-0.0,0.0,0.0,0.0,0.0,0.0,0.0,0.0,0.0,0.0,0.0,0.0,0.0,0.0,0.0,0.0,0.0,0.0,0.0,0.0,0.0,0.0,0.0,0.0,0.0,0.0,0.0,0.0,0.0,0.0,0.0
C1d/C1/C42.2-C3cg-C1b-C115k-C45c-C42ap,492851,0.055072750239259165,0.14461648997640295,0.115518757558524,-0.0970052590751027,5.2364829666882704e-05,0.01773955282305666,-0.010576240575805045,0.02492958367294171,0.0215631698505558,-0.024099273171518717,-0.005811547062478541,-0.04770620004764136,0.024480880704703164,0.006404769785971851,0.019011788274598172,0.02527683449364409,-0.04711041469473703,0.018258040123666712,0.013488429357631884,-0.008142876606966163,0.01869070843552543,0.00025150253960416253,0.0029530537064626616,-0.0047364300897926905,-0.00927780364876974,-0.0010047220592846204,-0.0017382090151875859,0.006726874284155802,0.0007921522638012882,0.00015450290134722127,0.0,-0.0,-0.0,0.0,0.0,0.0,0.0,0.0,0.0,0.0,0.0,0.0,0.0,0.0,0.0,0.0,0.0,0.0,0.0,0.0,0.0,0.0,0.0,0.0,0.0,0.0,0.0,0.0,0.0,0.0,0.0,0.0,0.0
C1d-C42.2-C1-C1k-C1b,492863,0.24350669734071614,0.03508856773090283,-0.05214210994141302,0.03272117352372212,-2.05868099405511e-05,-0.0024971088255423815,0.0029494138277314586,0.01155889566373038,-0.005407616065476087,0.002784399274084544,-0.010976193102602273,0.00986161724692519,0.011854317873326713,0.018944156770851567,0.005869264302076011,0.0090243736810808,0.0016043077598991563,-0.017319540824165897,-0.005791292451069337,-0.009403332408351032,0.023522509949697408,-0.012191995929028041,-0.014182950861155522,0.013118334137006188,0.0048614523790771885,-0.008259335038965199,-0.008824578698643164,0.0010582002534885696,-0.007403434210239583,-1.857104888344834e-05,0.0,-0.0,-0.0,0.0,0.0,0.0,0.0,0.0,0.0,0.0,0.0,0.0,0.0,0.0,0.0,0.0,0.0,0.0,0.0,0.0,0.0,0.0,0.0,0.0,0.0,0.0,0.0,0.0,0.0,0.0,0.0,0.0,0.0
C1d/C42.2/C1/C3cg-C1b-C3cw-C115k-C45c,491845,0.09042242981976084,0.12040087634887528,0.09086377323404267,-0.07357655656673798,3.70879807527968e-05,-0.0012703060181474633,0.012849804066067257,0.06482470591872369,0.045686048374073036,-0.027943434801970014,-0.03689640163772706,-0.03472338194790004,0.028085045149217343,0.016705454807620847,0.012100649148516818,-0.00653133833448258,-0.01632078058288533,-0.029291758879105692,-0.02434644168679321,0.005130950725093116,-0.020811105309229177,0.024431150514292344,-0.006184004905667021,0.0070347672426727915,0.009092191895968582,-0.003732921644634348,0.004019992226964419,4.124498228155283e-05,0.002429244941765455,0.0002410571893626212,-0.0,-0.0,-0.0,0.0,0.0,0.0,0.0,0.0,0.0,0.0,0.0,0.0,0.0,0.0,0.0,0.0,0.0,0.0,0.0,0.0,0.0,0.0,0.0,0.0,0.0,0.0,0.0,0.0,0.0,0.0,0.0,0.0,0.0
C1b,493398,-0.4688116274525246,0.21977967485961106,-0.12482234020016858,0.053508988547801506,-2.527445786473258e-05,0.030424351347432967,0.042293103665207846,-0.08518028555432625,-0.059651332012454275,0.004191891102194416,-0.02787330330683171,-0.016099142310275098,-0.0024825339309657033,0.008954397865558622,-0.00028208248487047365,-0.009253098596917794,0.009947374940518373,-0.004786465357497803,-0.001143111282731951,0.002371378529221621,0.005363395542276142,0.0009666439527036901,-0.00036959292297362626,-0.0018044610094982163,0.002009101023418162,-9.386287042326689e-05,0.001401222494608131,0.0014081189472486542,-8.574691764128835e-06,0.00033722455298161537,0.0,-0.0,-0.0,0.0,0.0,0.0,0.0,0.0,0.0,0.0,0.0,0.0,0.0,0.0,0.0,0.0,0.0,0.0,0.0,0.0,0.0,0.0,0.0,0.0,0.0,0.0,0.0,0.0,0.0,0.0,0.0,0.0,0.0
C42a-C42.2-C1-C42b-C1b-C1az,491865,-0.3169557583057018,-0.4469572223596333,-0.0345969458704354,0.08597397804840021,-3.997680227822768e-06,-0.00528520874236178,0.03989859962097087,0.049285087581750986,-0.046484440366732785,0.001682956377047328,0.01286470508285058,0.03435746383011586,0.018170491791991907,0.03959475170473764,-0.04557816702967425,-0.01523316186994048,0.01698777903507427,0.04612611690916653,-0.017752157208961093,0.009627106629522583,7.814399469252573e-05,-0.0041601619593847295,-0.0050035676319340906,0.001261907077066129,-0.0057474708981135846,-0.005136044789138687,-0.0025621851763313244,0.000494593595676972,-5.986588552830563e-05,-1.6319516802043933e-05,-0.0,-0.0,0.0,0.0,0.0,0.0,0.0,0.0,0.0,0.0,0.0,0.0,0.0,0.0,0.0,0.0,0.0,0.0,0.0,0.0,0.0,0.0,0.0,0.0,0.0,0.0,0.0,0.0,0.0,0.0,0.0,0.0,0.0
C42.2/C42a/C1-C1b,491379,-0.32913139229633914,-0.147294164666487,-0.011749923736380672,-0.0114603029795073,-1.5105683501441431e-05,0.016820575415885133,0.007551479454557436,-0.05445483207641856,0.042838483238019684,0.042339068838907146,-0.007633081686688303,0.017779551696562396,0.019494144183689985,-0.013231172648795171,0.01818021775408778,0.011338672097869255,-0.03385868578310405,0.024823182192916068,0.02484272347054181,0.010071491386409503,0.010438669697071716,0.011588720498597091,-0.00936229323837996,0.0003976362708988999,-0.007173475705563747,-0.0033696164668269935,-0.001430980056317364,-0.0013362745584726684,0.0006582981581714104,-5.509955485093835e-05,-0.0,-0.0,0.0,0.0,0.0,0.0,0.0,0.0,0.0,0.0,0.0,0.0,0.0,0.0,0.0,0.0,0.0,0.0,0.0,0.0,0.0,0.0,0.0,0.0,0.0,0.0,0.0,0.0,0.0,0.0,0.0,0.0,0.0
C1d/C42a/C42.2-C1-C1b,491914,0.010938104198004442,-0.19213668792784352,0.07620470561458549,-0.000756971199562625,3.366793808215696e-05,0.027118063281633444,-0.0508040562980122,0.035753040382090866,-0.015436264622044497,0.0303699798441256,-0.027464592976423605,0.03822499175453769,0.030219514783398578,-0.001987974381044663,0.011799919375214267,0.00207918753417505,-0.008098061835290252,0.03136738113101846,0.0059333890621503845,0.012396319301680744,-0.0022498708317315254,0.007605929063781353,-0.0038201304383087015,0.015140412526266373,0.004849446710728191,0.006655292405895806,0.004799528760113489,0.003036415940697748,-0.0009005589217652431,0.0001763542699819286,0.0,-0.0,-0.0,0.0,0.0,0.0,0.0,0.0,0.0,0.0,0.0,0.0,0.0,0.0,0.0,0.0,0.0,0.0,0.0,0.0,0.0,0.0,0.0,0.0,0.0,0.0,0.0,0.0,0.0,0.0,0.0,0.0,0.0
C1d-C42.2-C1-C3cg-C1b-C45c,491917,0.30584318089617907,0.05902298825664755,-0.00820643903838687,0.028530793663828637,3.727746580376888e-05,0.021662687935665503,0.028763756593169494,0.040151483850024025,-0.04522322400693082,0.004411285010738948,0.01007771354980107,0.010806542462385098,0.005218015922637478,-0.017435202027796495,-0.009167187135261871,-0.005127722413988521,-0.010581339039617152,0.009402340371904377,0.010529859778621652,0.009599950864041635,-0.00883228351177564,-0.002377142736661905,-5.2335720608502814e-05,0.002639258872622376,-0.006604736878896432,-0.019849521292793982,0.015547731050158315,0.0015791949592671938,-0.0018224353486421196,0.0003254642633151786,-0.0,-0.0,0.0,0.0,0.0,0.0,0.0,0.0,0.0,0.0,0.0,0.0,0.0,0.0,0.0,0.0,0.0,0.0,0.0,0.0,0.0,0.0,0.0,0.0,0.0,0.0,0.0,0.0,0.0,0.0,0.0,0.0,0.0
C42a/C1-C42.2-C42b-C1az-C1b-C115d-C1au,491936,-0.4626549159406066,-0.24412447804529852,0.18387739222493843,-0.141846868755079,6.862408214204586e-05,0.05924714259485149,0.06042804899414707,-0.054414161468848636,-0.02260159717094716,-0.04459075063562492,0.027861623665054142,0.07081062768698287,-0.04492597533241164,0.03377806655224115,0.007913783424300914,-0.0017996405193514296,0.01105915211843889,-0.0025588511805582858,-0.0029020015210438096,0.0052519778655119535,0.008408390484302586,0.006907967309396609,-0.010341947230044706,0.004891268024089746,-0.0037174904610137952,-0.0014946794561161224,-0.0001428730270392415,-0.0008646025205532367,0.0023785618919293407,1.7769685753278193e-05,0.0,-0.0,-0.0,0.0,0.0,0.0,0.0,0.0,0.0,0.0,0.0,0.0,0.0,0.0,0.0,0.0,0.0,0.0,0.0,0.0,0.0,0.0,0.0,0.0,0.0,0.0,0.0,0.0,0.0,0.0,0.0,0.0,0.0
C42a/C42.2-C1-C42ak-C1b-C1j,491943,-0.3304303300916867,-0.42251328308284875,-0.01911774476666137,0.08582917130409265,-1.2933560688750204e-05,-0.01618675738257163,0.0436600543405313,0.05872805293908627,-0.015503120271018463,0.02523141447662183,-0.03600916225889554,-0.015114559636477311,-0.026172756883716605,-0.014391008289855215,0.013911757707949016,0.001088286111427093,0.00020383972032181252,-0.013801709337934768,-0.0019042215617899034,-0.029819458644466463,-0.012258269026991508,0.003047417385753483,-0.003583086615676814,-0.002121316533593709,-0.01938755502931658,-0.00381555605919936,-0.0037068550292940717,0.013387285810700868,-0.0013330074323572234,-8.527861600226682e-05,-0.0,-0.0,0.0,0.0,0.0,0.0,0.0,0.0,0.0,0.0,0.0,0.0,0.0,0.0,0.0,0.0,0.0,0.0,0.0,0.0,0.0,0.0,0.0,0.0,0.0,0.0,0.0,0.0,0.0,0.0,0.0,0.0,0.0
C42a/C1d-C1mt-C42.2-C1-C1b,493016,0.040643641805315565,-0.246635036949189,0.1629538664761561,-0.013084357275448214,-0.00011579257043920979,-0.1358357716221827,-0.029136950836546053,-0.033929172804034916,-0.013324656087678936,-0.017335541309710323,-0.049661807144633474,0.01835430357146059,-0.005363007286018677,-0.031970190627276004,-0.025958221186038157,-0.006274161169998618,-0.022976786952115785,0.015144322006425265,-0.008922668149171536,-0.004241379225016736,-7.389391455701166e-05,-0.0014780615484107065,-0.00633732888058769,0.00024129822723541335,-8.011658424016213e-06,0.004129867485781416,0.0013953025495677509,-7.08180883033138e-05,-0.00010400543245455493,-5.038306382749722e-05,-0.0,-0.0,0.0,0.0,0.0,0.0,0.0,0.0,0.0,0.0,0.0,0.0,0.0,0.0,0.0,0.0,0.0,0.0,0.0,0.0,0.0,0.0,0.0,0.0,0.0,0.0,0.0,0.0,0.0,0.0,0.0,0.0,0.0
C42en,493665,0.7835645324458811,0.08499234839309104,-0.016308558937609897,0.025074077448453108,-0.38102516623575755,0.16995621715087572,0.01244359572301107,0.004089348329929348,0.009424577167626966,0.015788666113324683,-0.00755946505584013,0.010360826894198264,-0.0002968845485447136,-0.0023394923222471607,-0.0015317880584379622,0.003488043516239547,-0.00026282246174731943,-0.0035997737969303382,-0.001811763525014547,-0.0024683423177873057,0.0010097296591308916,-0.0018812627716410072,-0.000815375526852565,-0.0008474253343185172,-0.0006668414723121439,0.001174081561906235,-0.0004174604559333924,-0.00023300843658669238,-9.27821688979444e-05,1.9548575197745794e-05,0.0,-0.0,-0.0,0.0,0.0,0.0,0.0,0.0,0.0,0.0,0.0,0.0,0.0,0.0,0.0,0.0,0.0,0.0,0.0,0.0,0.0,0.0,0.0,0.0,0.0,0.0,0.0,0.0,0.0,0.0,0.0,0.0,0.0
C1or,493666,0.7828666342127993,0.08487429174067494,-0.016658693121952887,0.024979204760515943,0.3815163145771547,0.16931334877451848,0.012448209385385349,0.004046823650557638,0.009423020746614146,0.015785755985155896,-0.007559883630803873,0.010363485668157497,-0.0002925117028791207,-0.0023514643416212492,-0.00151347211451533,0.003481767010351148,-0.0002526361385813549,-0.0035950121808161926,-0.0018122842366073127,-0.0024703660468232396,0.001012137442844517,-0.001882553862062094,-0.0008159402800054954,-0.000844067516465302,-0.0006664047485561394,0.0011758985177458476,-0.0004182272944498638,-0.00023251627401462793,-9.304139215854006e-05,1.9838089512967553e-05,0.0,-0.0,-0.0,0.0,0.0,0.0,0.0,0.0,0.0,0.0,0.0,0.0,0.0,0.0,0.0,0.0,0.0,0.0,0.0,0.0,0.0,0.0,0.0,0.0,0.0,0.0,0.0,0.0,0.0,0.0,0.0,0.0,0.0
C42eo,493667,-0.18127063168339091,-0.18290513499828198,-0.5642609148724572,-0.36577142562842613,-0.00022023691629457145,-0.08401415935175365,0.0068357326364003115,0.0166588239386343,0.00511196701057562,0.017555360706388714,-0.007829939277953307,0.021134283012832322,0.005822130558027794,-0.005787019550024497,0.0016516974450125322,0.0060579727907162295,-0.0018383530641627702,0.0016165196606646747,-0.0007953803646794065,0.0011193107329286827,-0.0010969926483477698,-0.0010093479462978422,0.002711716060134963,-0.0011703858748552988,0.0008177878549748403,-0.000362354262846839,0.00012597736366084898,0.0003980322024659826,-0.0003593484878264876,-1.1046779660123244e-06,-0.0,-0.0,0.0,0.0,0.0,0.0,0.0,0.0,0.0,0.0,0.0,0.0,0.0,0.0,0.0,0.0,0.0,0.0,0.0,0.0,0.0,0.0,0.0,0.0,0.0,0.0,0.0,0.0,0.0,0.0,0.0,0.0,0.0
C1k,493668,0.414526295810114,0.04634243131416763,-0.07081870661245274,0.026050757855119542,-2.734858770196737e-05,0.07442515000419865,-0.01129827043677944,-0.011947097047553548,0.011800936202078607,-0.0012898594264340783,0.007874168223432567,0.0006092891510591186,-0.012846999801386389,-0.019376726763848617,-0.004455303703647164,-0.012783629754610792,-0.000884547462271613,0.002762110816459027,-0.004505098570868301,-0.0018625912972870828,0.00557077034176684,0.001620071953193513,0.0012059508590388326,0.004641837107324017,0.0010908067903278099,0.0007064140803590179,0.000664260109152794,-0.00014561660261723882,-0.0006438894452049801,0.0013175438455136532,0.0,-0.0,0.0,0.0,0.0,0.0,0.0,0.0,0.0,0.0,0.0,0.0,0.0,0.0,0.0,0.0,0.0,0.0,0.0,0.0,0.0,0.0,0.0,0.0,0.0,0.0,0.0,0.0,0.0,0.0,0.0,0.0,0.0
C1d-C42.2-C1-C1k,491690,0.3170065730841825,0.03776154125706527,-0.06403952949810966,0.0322004288880811,9.035529133310581e-06,0.021220976982241402,-0.011541556772037926,-0.0033197890435085926,-0.005663748372006088,-0.014209540843580773,0.012809736348971168,-0.0009678667545953913,0.005908863603332953,-0.0005709790024776359,0.013185105926008172,0.00023259475147207394,0.004821593622697951,-0.010750975110102274,0.004606949647067303,0.016109801867770366,-0.00511856159207341,0.0050866180146191264,0.0012625863712789013,-0.008920955200014912,-0.007034836143633886,-0.002745698601615716,-0.005223468211729377,-0.00040941566211140953,-0.002873444855357966,0.002649821473633811,0.0,-0.0,-0.0,0.0,0.0,0.0,0.0,0.0,0.0,0.0,0.0,0.0,0.0,0.0,0.0,0.0,0.0,0.0,0.0,0.0,0.0,0.0,0.0,0.0,0.0,0.0,0.0,0.0,0.0,0.0,0.0,0.0,0.0
C1d-C42.2-C1-C1k-C3cg,492209,0.2747265349436368,0.046064188428387914,-0.03853820189407949,0.03025317102100222,-1.061898142965075e-07,0.006536283569991484,0.0012736681645643684,0.02144969945022279,-0.012314138343802341,-0.004186792270238731,0.029382139724313278,0.007379391384887562,0.012220022867721149,0.015287885196367704,0.0015760248767911786,0.017477623768225776,0.002319336516248498,-0.006459249863483915,0.002988377311563994,-0.024986319851725215,-6.63467344208045e-05,-0.000113172051123698,0.01393770897114584,-0.0012864135752289959,0.003802947880453488,0.007805385499067664,0.010757562532191314,-0.007250988530983099,-0.0020952701560171304,-6.718491732510539e-05,-0.0,-0.0,0.0,0.0,0.0,0.0,0.0,0.0,0.0,0.0,0.0,0.0,0.0,0.0,0.0,0.0,0.0,0.0,0.0,0.0,0.0,0.0,0.0,0.0,0.0,0.0,0.0,0.0,0.0,0.0,0.0,0.0,0.0
C1d-C1k-C42.2,492414,0.40710897074656593,0.0454768409717582,-0.07158631769376192,0.025567547344337818,5.867463448451845e-05,0.06945263614990713,-0.012070236389517045,-0.01163041806020842,0.010893429966460937,-0.002893735282729496,0.00895459022502886,-0.0004590104436341052,-0.011299703016164505,-0.018562319346980265,-0.0014035129463251925,-0.012757841051580381,-8.489682333337082e-05,0.003294750732111213,-0.0037091297610362902,0.000734292495895971,0.0032897950118702234,0.002824298413271381,0.0003983888927225857,0.001629638384417171,0.0014019506718425641,-0.001496654608394762,0.0002446396695490961,0.000493876705180081,0.001394686980766848,-0.0030659695397548766,0.0,-0.0,-0.0,0.0,0.0,0.0,0.0,0.0,0.0,0.0,0.0,0.0,0.0,0.0,0.0,0.0,0.0,0.0,0.0,0.0,0.0,0.0,0.0,0.0,0.0,0.0,0.0,0.0,0.0,0.0,0.0,0.0,0.0
C1d/C1-C42.2,491689,0.017369942725714314,0.11609920528365682,0.04351068877267758,-0.04155504240949655,1.3953199392632197e-05,0.03980160381534931,0.005925135107554248,-0.07016133510995681,-0.017702255567771656,-0.0077849339339817756,-0.021714458592414564,0.01931444395331,-0.013029829033950292,-0.025344461289509537,0.007143945852243487,0.020889962181071323,-0.012570614771640537,0.014984260463237023,-0.006740986342781091,-0.008764055001986671,-0.013566949121430982,-0.000619393491643879,-0.007181564209557675,0.008409593407727473,0.007526431610011723,0.010945124373866095,-0.005239870759600166,0.003264194661812563,-0.0012009716238480395,0.0002623265809548251,0.0,-0.0,-0.0,0.0,0.0,0.0,0.0,0.0,0.0,0.0,0.0,0.0,0.0,0.0,0.0,0.0,0.0,0.0,0.0,0.0,0.0,0.0,0.0,0.0,0.0,0.0,0.0,0.0,0.0,0.0,0.0,0.0,0.0
C1d/C42a/C42.2-C1,493232,-0.008256501545102716,-0.13210744299488608,0.051183433772842554,-0.0019353827577944251,8.820912044632223e-06,0.012868148874738193,-0.05092823842265119,0.03668746311116123,-0.010960902769505313,0.04768019723104273,-0.048729546279548154,0.031252194753525975,0.003159551481278033,-0.014314030282110004,0.014976276178103633,-0.023234161535341316,0.02254857483849229,-0.01956432598650384,0.01871594020938101,-0.011393984837441142,0.0019584697947293943,-1.5727452875837336e-05,0.0026752859328277663,-0.00965829695765345,-0.004009594297557626,-0.002243993800613955,-0.005015334700036388,-0.0013037553661909387,0.00036888605273744204,-0.00018472170079534818,-0.0,-0.0,0.0,0.0,0.0,0.0,0.0,0.0,0.0,0.0,0.0,0.0,0.0,0.0,0.0,0.0,0.0,0.0,0.0,0.0,0.0,0.0,0.0,0.0,0.0,0.0,0.0,0.0,0.0,0.0,0.0,0.0,0.0
C1d-C1mt-C1nq,493241,0.4973453454920863,0.05000035643341601,-0.02974233001479998,0.02516310670692725,-2.559448831604339e-05,-0.07852044314813149,-0.026972443308596137,-0.07149420896239957,0.021955586512118763,-0.0016301460640603454,-0.006347109307439088,-0.010008089380672353,-0.04980999977030792,-0.016229173785216076,-0.05825932815252051,-0.02021960241650887,-0.010605482882099788,0.010918420523258223,0.0018905310832420888,-0.007342668643130394,0.00855005133186692,0.002794350509124981,0.006739166050244434,0.013015001978254288,0.0023079318905374303,0.00010946128174426075,0.0024253054725058365,0.00038531539074002763,-0.0004347276785697062,1.8472902615811542e-06,-0.0,-0.0,0.0,0.0,0.0,0.0,0.0,0.0,0.0,0.0,0.0,0.0,0.0,0.0,0.0,0.0,0.0,0.0,0.0,0.0,0.0,0.0,0.0,0.0,0.0,0.0,0.0,0.0,0.0,0.0,0.0,0.0,0.0
C1d-C1mt-C1nq-C42.2-C1-C42em,493242,0.4137484620226588,0.04561133594614074,-0.011946965281101193,0.034079666040859956,-6.03703967519556e-05,-0.10511761795385455,-0.00965251814574105,-0.04464337955532331,-0.023015491382184144,-0.011121517148910538,0.001502901676600726,0.005146180889031219,-0.001874602333480082,-0.0035160570262540154,-0.038954139758192,0.00356559906413081,-0.02395507057997433,-0.012491922296653066,0.014579106234076501,0.009210660555364486,-0.012299400142485133,-0.0014345535580860373,0.004258541381876748,-0.006908766390374145,0.004403813877903371,-0.01180187497176792,-0.004291845914176349,0.002651182584912444,0.004236125466214083,-2.5454516282423547e-06,0.0,-0.0,-0.0,0.0,0.0,0.0,0.0,0.0,0.0,0.0,0.0,0.0,0.0,0.0,0.0,0.0,0.0,0.0,0.0,0.0,0.0,0.0,0.0,0.0,0.0,0.0,0.0,0.0,0.0,0.0,0.0,0.0,0.0
C1d/C42a/C42.2-C1mt,493243,0.23641351371722003,-0.11735487632270669,0.03601543909699263,-0.006048373955683928,-3.2204825093952165e-05,-0.038781518103097344,-0.04979870081479776,-0.04716821405549407,0.08970808427681137,0.06381624468545918,0.013609400170562308,-0.017848838495933255,0.01253790042485393,0.014014492065968784,0.03227761727505152,-0.013292139727980056,0.013439673217925309,0.01865819910116366,-0.02250524277255056,0.0003239739484989559,-0.0003478630355723494,-0.0023983217324351773,-0.0032063999037969535,-0.01304194266585124,-0.0025977509089284323,-0.004392358773052797,0.002057382133150425,-0.0019368709454168896,0.0028422972294032357,-2.203399323529032e-05,-0.0,-0.0,0.0,0.0,0.0,0.0,0.0,0.0,0.0,0.0,0.0,0.0,0.0,0.0,0.0,0.0,0.0,0.0,0.0,0.0,0.0,0.0,0.0,0.0,0.0,0.0,0.0,0.0,0.0,0.0,0.0,0.0,0.0
C1d/C1,492241,0.11500413895365735,0.1438510293024982,0.07837197157717414,-0.03428887746693292,4.374432672472584e-05,0.0493525876119174,0.056250821700640746,-0.09844036613041615,-0.0002857706003388938,0.05674356274065143,0.040551222021044206,-0.014829519326553162,-0.03467603285080113,0.006557167164344369,0.02149589585082278,0.03256361759222973,0.007719102772286694,-0.0005184761564077454,-0.007477058228924149,0.011771868458888236,0.0005982951679641496,-0.003466743198513409,-0.0057080883007627845,-0.004890087731639604,-3.97840644830111e-05,-0.006143039698737397,0.0012261521442134514,-0.0007274897168269315,0.0009409376049534064,-7.557760390655695e-05,-0.0,-0.0,0.0,0.0,0.0,0.0,0.0,0.0,0.0,0.0,0.0,0.0,0.0,0.0,0.0,0.0,0.0,0.0,0.0,0.0,0.0,0.0,0.0,0.0,0.0,0.0,0.0,0.0,0.0,0.0,0.0,0.0,0.0
C1d/C1bi-C42.2-C1,493292,0.3324443841690617,0.040740716620153127,-0.05775358793115592,0.03602595366417272,1.6599400530526966e-05,0.02686706047522846,-0.005114681488494206,-0.004169683574270074,-0.015718698857413792,-0.012787248080931056,0.018388021508408306,0.006384632488235582,0.012552695382085489,-0.0124692062737278,0.01156357629728976,-0.0032251805943918173,-0.0009590931899057152,-0.015136995795266346,0.005465676955120884,0.01559341915987087,-0.005804264812482684,0.004050046172020538,0.0035112984002251394,-0.005569842232010683,0.000703656488624705,-0.010100849910068346,-0.012214810724534328,0.004059873837956724,0.005769616498391828,-0.0007451948734718117,-0.0,-0.0,0.0,0.0,0.0,0.0,0.0,0.0,0.0,0.0,0.0,0.0,0.0,0.0,0.0,0.0,0.0,0.0,0.0,0.0,0.0,0.0,0.0,0.0,0.0,0.0,0.0,0.0,0.0,0.0,0.0,0.0,0.0
C1d,493402,0.4143542897243019,0.046337266486518876,-0.07078876181261544,0.025998746060180274,7.25510291102025e-05,0.07440665112302457,-0.011354189477368897,-0.011901829214089138,0.011828468216764094,-0.0013130942577316922,0.007750958109962168,0.0006162907288752336,-0.012775907581813958,-0.019297620570885833,-0.004404388688522491,-0.012698944171056745,-0.0008735330223616645,0.002759555554541126,-0.0044669421437587755,-0.0019117340836400567,0.0054898518932598155,0.0015713181970329658,0.0011118401871865892,0.004520831911792748,0.0011063090369542448,0.0007005006604679439,0.000681316585589825,-0.00015251738996014565,-0.0006612726189785031,0.00144657905786018,-0.0,-0.0,-0.0,0.0,0.0,0.0,0.0,0.0,0.0,0.0,0.0,0.0,0.0,0.0,0.0,0.0,0.0,0.0,0.0,0.0,0.0,0.0,0.0,0.0,0.0,0.0,0.0,0.0,0.0,0.0,0.0,0.0,0.0
C1d-C42.2-C1nq-C1mt-C1,493009,0.34493788190878977,0.03291954502951462,-0.048571617796421336,0.013137604126480065,-8.102478562118446e-05,-0.08815622799269729,-0.0412303096117308,-0.031699534399831725,0.026471670628509525,-0.02395534093063776,-0.021126567676225415,-0.032835289737537944,-0.01955017614046723,0.0720831809006584,-0.01121589682838655,0.030573970736496023,0.02473315958308206,0.01039921399442322,0.024247481603517584,0.004336071197216901,-0.017091006902419027,-0.0041013472545302215,0.00701408452717535,0.0021518672583759097,-0.0024833663419627783,0.002858701239191914,0.002500843801563049,0.0005864354184688486,0.0021035552480329063,0.000215295890232998,0.0,-0.0,-0.0,0.0,0.0,0.0,0.0,0.0,0.0,0.0,0.0,0.0,0.0,0.0,0.0,0.0,0.0,0.0,0.0,0.0,0.0,0.0,0.0,0.0,0.0,0.0,0.0,0.0,0.0,0.0,0.0,0.0,0.0
C42a/C1d-C42.2-C1-C1mt,493010,0.0163211386842961,-0.2699043694302684,0.06593471430397335,-0.0067633085747598205,6.579928646043654e-06,0.003876132016057483,-0.10692588071849711,-0.03296987476957608,-0.005115824738554912,-0.07161193561895,-0.006411484944560485,0.03831113562040931,0.009290304539160871,0.00047519507215443274,0.003470260797854786,0.022729344522780866,0.018354187179827695,-0.02215776819414371,-0.005568930435976438,0.002235512255113785,-0.00380264727922372,-0.004268131399936186,0.014207151148401667,-0.005645945523484358,-0.002304835965982717,-0.0037830228084000618,-0.002931674570602417,-0.0010077064731666967,-0.00012577812603123357,3.149572618546001e-06,0.0,-0.0,0.0,0.0,0.0,0.0,0.0,0.0,0.0,0.0,0.0,0.0,0.0,0.0,0.0,0.0,0.0,0.0,0.0,0.0,0.0,0.0,0.0,0.0,0.0,0.0,0.0,0.0,0.0,0.0,0.0,0.0,0.0
C1d/C1mt-C42.2-C1-C3cg,493011,0.46467505083265476,0.060718539979627846,0.03595377681516175,0.019962429351564115,-0.00018135897273696463,-0.19729610678963777,0.018177273926476292,-0.010730308641276902,-0.07286521385901552,-0.04230955494408731,0.07340995223406369,-0.01502564312668323,0.03522658271952629,-0.036965831620615223,0.06362508512204779,-0.02323547831579108,0.016766725002504056,0.016571528215140005,-0.0007681092911441714,0.007612476898114273,-0.0034792300679013927,0.007682513444393578,-0.000721674712693676,0.003394798627709108,0.002836892154067618,-0.0007419096210699307,-0.0012035567333021169,0.0015788299613898344,-0.0009581416625946428,-0.00010061526467502242,-0.0,-0.0,0.0,0.0,0.0,0.0,0.0,0.0,0.0,0.0,0.0,0.0,0.0,0.0,0.0,0.0,0.0,0.0,0.0,0.0,0.0,0.0,0.0,0.0,0.0,0.0,0.0,0.0,0.0,0.0,0.0,0.0,0.0
C1d-C1mt-C42.2-C1-C42em,493013,0.36940931061400056,0.04363637530928172,-0.01764749606632451,0.03561365520018827,-4.070764057267391e-05,-0.07351170675009491,-6.218979147220201e-05,-0.024886359340434587,-0.028548277072542864,-0.008926695523442642,0.00030566698960040294,0.01456970753394599,0.013164197252892548,-0.016023161702103134,-0.013172741947829709,-0.0015678275857071173,-0.021374757669912793,-0.011566577527996768,-0.017282220780741937,0.0012821783336722044,0.003060801213571728,-0.007612637037817383,-0.023051704063889705,-0.025208955690746472,-0.010872761138880064,0.011718066091976103,0.005849930823576389,-0.009805912374065296,-0.0021525906137506053,-3.314069984298126e-05,0.0,-0.0,0.0,0.0,0.0,0.0,0.0,0.0,0.0,0.0,0.0,0.0,0.0,0.0,0.0,0.0,0.0,0.0,0.0,0.0,0.0,0.0,0.0,0.0,0.0,0.0,0.0,0.0,0.0,0.0,0.0,0.0,0.0
C1d-C42.2-C1-C1nr,493014,0.2830511279053156,0.03778268475348841,-0.0470947666853774,0.032413177656880975,-1.2514410825780542e-05,-0.005012109945903145,0.003802441393592884,0.012393542121710574,-0.01421632801169302,-0.001504209221346476,-0.0028114978457623257,0.0071284445340533496,0.024700886826239228,0.03502931231190411,0.015426526148660944,0.02465428216524915,0.00517356827321317,-0.021668219064118165,0.009799773627992923,-0.0032762608152601194,0.004773983421598033,-0.01074620070965023,-0.016851478971970008,0.008722949992533946,-0.0022541815351782937,0.01974751261244261,0.0029858483176070324,0.004065764288960428,0.006738002615980596,-0.00015732605070587397,-0.0,-0.0,0.0,0.0,0.0,0.0,0.0,0.0,0.0,0.0,0.0,0.0,0.0,0.0,0.0,0.0,0.0,0.0,0.0,0.0,0.0,0.0,0.0,0.0,0.0,0.0,0.0,0.0,0.0,0.0,0.0,0.0,0.0
C1d/C42a-C1mt-C42.2-C1-C1nq,493015,0.2953904335485523,-0.08508119771248863,0.0794608733162021,0.027550645715707457,-8.757763232864004e-05,-0.12394419084345104,-0.009282751186340952,-0.04272501596156144,0.024197926731737724,0.08265342929963915,0.017278542065746992,0.009431210967502138,0.019828447854144778,0.0400242824442809,-0.01603955596146,0.018706904467360286,-0.00767139083938442,-0.015625996553326815,0.011762284997214965,-0.0014301676531523072,0.003047919932392328,0.001083913365905088,0.008027600961736632,0.008767625683537877,0.005214052100700282,-0.003861154601106575,-0.0017727752152306856,0.0005476896693904367,-0.0025656629536061504,6.046859396255425e-06,0.0,-0.0,-0.0,0.0,0.0,0.0,0.0,0.0,0.0,0.0,0.0,0.0,0.0,0.0,0.0,0.0,0.0,0.0,0.0,0.0,0.0,0.0,0.0,0.0,0.0,0.0,0.0,0.0,0.0,0.0,0.0,0.0,0.0
C1d/C42.2,491996,0.18361554330645274,0.016065059049877733,-0.10440189659138155,0.0003552045154889059,-3.021548533224323e-05,0.017354623262092684,-0.06634666106755938,0.0010194903498104387,0.041524206334339654,-0.05846208711844683,-0.04034308354554307,-0.019851558255093008,0.009619992644918304,0.007156589054539362,0.008786779895077496,-0.021905049921233412,-0.0039055348526560387,0.022516168122887564,-0.010055244268968543,-0.0204174159043387,0.003420333123565077,0.0017530533447919234,-0.012594185117408657,0.0040560722419815814,0.005370410027441922,-0.004619493917433286,0.0004808242298873274,-0.0011209892737333313,0.00249367610205217,6.880437399715367e-05,0.0,-0.0,-0.0,0.0,0.0,0.0,0.0,0.0,0.0,0.0,0.0,0.0,0.0,0.0,0.0,0.0,0.0,0.0,0.0,0.0,0.0,0.0,0.0,0.0,0.0,0.0,0.0,0.0,0.0,0.0,0.0,0.0,0.0
C1d-C42.2-C1bi,492521,0.3080770999308634,0.03340116301314091,-0.08262769256246782,0.017147682617408594,-5.758077139134935e-06,0.01832397136185979,-0.023904765184125893,-0.0033088212101653374,0.01856895767277317,-0.012771136493092323,0.0021445905527094546,-0.014229189295786532,-0.008931808429513848,0.015708792767960673,0.018887630111823213,0.0023089360076379924,0.017305402470138675,0.005964414745511745,-0.0016286396595548722,0.011493256217152581,-0.0009392875940014802,0.00854821387445107,0.00141186015922308,-0.004577348607059774,-0.00892324142342503,0.009644121001791095,0.0015364677647915822,0.0010556265850853112,-0.00832232111626664,-0.0013679908870690284,-0.0,-0.0,0.0,0.0,0.0,0.0,0.0,0.0,0.0,0.0,0.0,0.0,0.0,0.0,0.0,0.0,0.0,0.0,0.0,0.0,0.0,0.0,0.0,0.0,0.0,0.0,0.0,0.0,0.0,0.0,0.0,0.0,0.0
C42a-C42ak-C42.2-C1,493239,-0.3186247786335312,-0.6216503369835701,-0.11382213768965557,0.16317077578980993,2.684583781382949e-05,0.03877192807195301,-0.08540606049456925,-0.027824065976833692,0.04346116121987058,-0.049045398353457045,0.019380088942894433,-0.07015547057928098,-0.03644186571552846,0.00019262756303950622,0.01000552464006802,-0.013468271197209015,0.006041123440253022,0.007842068507205192,0.007139537423476346,0.006956577206483121,-0.0011675485519016613,0.005667286374726118,-0.003427677069627985,0.0014595857385593675,-0.0005428020742439303,0.0006899940030875519,-0.0002486713540764502,0.000394553860045581,-0.0006656062671662204,-2.3983908400941566e-05,0.0,-0.0,-0.0,0.0,0.0,0.0,0.0,0.0,0.0,0.0,0.0,0.0,0.0,0.0,0.0,0.0,0.0,0.0,0.0,0.0,0.0,0.0,0.0,0.0,0.0,0.0,0.0,0.0,0.0,0.0,0.0,0.0,0.0
C1,493379,-0.46883423784202505,0.21983372866090592,-0.12474674798255916,0.05348847035259349,-2.5257108358490823e-05,0.030409750099334686,0.042266018336650626,-0.085166836520873,-0.05967972267372233,0.004175788091229793,-0.02782873522350859,-0.015976225983103103,-0.0025002760807899876,0.008986847838337909,-0.00015436526464234098,-0.008958021851700025,0.009873721976326352,-0.004591212530617272,-0.0009486007815109937,0.002232117884492392,0.005128280692543516,0.0008742119992736825,-0.0006328081529018819,-0.0017747711081965412,0.0016580410272072515,-0.0001623357811295987,0.0002810451043321227,0.0003253500787125171,4.63217843122612e-05,-0.00033963821516477534,-0.0,-0.0,0.0,0.0,0.0,0.0,0.0,0.0,0.0,0.0,0.0,0.0,0.0,0.0,0.0,0.0,0.0,0.0,0.0,0.0,0.0,0.0,0.0,0.0,0.0,0.0,0.0,0.0,0.0,0.0,0.0,0.0,0.0
proportion_explained,0,0.6197769388774618,0.2280172643594008,0.04479733060019674,0.02471019771158135,0.0199416972716174,0.017361858458184453,0.008543240830778065,0.007358257965857183,0.005268931921141417,0.004427516941760641,0.003531097525647177,0.0033213353938092056,0.0023662771517939194,0.002044187928557554,0.0016903319596350901,0.0014077286758060795,0.0011694686079130401,0.0010624088903414962,0.000626362248181205,0.0005583797255925994,0.0004566755660698133,0.00038154729983112383,0.0003195850575817363,0.00024187515307029552,0.00021306260625189846,0.00019817032063204924,9.279071119618082e-05,8.0058932199212e-05,3.373315101031564e-05,1.6881569001491101e-06,0.0,0.0,0.0,0.0,0.0,0.0,0.0,0.0,0.0,0.0,0.0,0.0,0.0,0.0,0.0,0.0,0.0,0.0,0.0,0.0,0.0,0.0,0.0,0.0,0.0,0.0,0.0,0.0,0.0,0.0,0.0,0.0,0.0
